,Apache County,Cochise County,Coconino County,Gila County,Graham County,Greenlee County,La Paz County,Maricopa County,Mohave County,Navajo County,Pima County,Pinal County,Santa Cruz County,Yavapai County,Yuma County,Alameda County,Alpine County,Amador County,Butte County,Calaveras County,Colusa County,Contra Costa County,Del Norte County,El Dorado County,Fresno County,Glenn County,Humboldt County,Imperial County,Inyo County,Kern County,Kings County,Lake County,Lassen County,Los Angeles County,Madera County,Marin County,Mariposa County,Mendocino County,Merced County,Modoc County,Mono County,Monterey County,Napa County,Nevada County,Orange County,Placer County,Plumas County,Riverside County,Sacramento County,San Benito County,San Bernardino County,San Diego County,San Francisco County,San Joaquin County,San Luis Obispo County,San Mateo County,Santa Barbara County,Santa Clara County,Shasta County,Sierra County,Siskiyou County,Solano County,Sonoma County,Stanislaus County,Sutter County,Tehama County,Trinity County,Tulare County,Tuolumne County,Ventura County,Yolo County,Yuba County,Churchill County,Clark County,Douglas County,Elko County,Esmeralda County,Eureka County,Lander County,Lincoln County,Lyon County,Mineral County,Nye County,Pershing County,Storey County,Washoe County,White Pine County,Carson City
Apache County,0,395.06286,212.2746212,214.7322883,275.1166787,239.7307578,455.4356785,357.3404325,387.0877375,75.3205953,419.6312762,324.0647032,1136.784981,293.3774439,499.9716214,1137.334525,982.8570277,1048.310408,1168.059714,1033.129869,1202.756552,1145.833811,1444.589545,1049.216377,925.8234444,1230.378753,1006.570052,598.8690133,723.8489369,837.4962608,934.7238592,1242.466888,1140.325861,811.5577044,941.0493442,1216.96466,962.4649684,1310.246271,1025.995312,1194.825985,882.7813846,1069.876236,1191.139786,1087.025292,782.2975294,1074.345922,1120.007289,623.9561738,1106.279161,1051.311555,611.2566973,719.4109394,1236.097293,1087.670915,992.8292325,1173.769677,965.5384143,1111.361072,1249.169836,1078.235024,1326.164902,1152.441885,1242.543217,1056.73499,1154.133531,1236.463059,1327.241418,842.7404588,978.0821556,886.7139203,1159.96335,1132.527817,900.9838805,506.5425651,977.8247653,819.0269611,773.8804218,785.0615151,833.0203491,541.3070081,949.4080189,865.746481,684.2967049,962.5786005,993.4483011,1069.797075,655.1381921,998.8748283
Cochise County,395.06286,0,480.4578313,237.4332611,121.7771429,163.3557933,450.4021616,305.1375807,566.3102701,398.0351118,192.1143304,191.5824592,1259.322126,405.2064114,402.2815671,1281.687407,1180.813486,1230.42094,1374.88966,1207.963018,1389.99142,1298.573458,1675.941389,1243.228807,1058.849689,1427.386216,1297.562173,540.3386994,875.7866411,915.9566097,1037.993891,1422.706357,1384.178115,833.1962769,1090.577143,1367.263709,1123.505988,1493.391803,1165.247317,1456.128207,1069.319364,1169.427269,1358.498293,1293.147156,775.3746716,1274.331088,1344.030796,618.750882,1281.280518,1166.219318,682.8686802,669.9603839,1374.426883,1247.082689,1063.261417,1307.024871,1000.612719,1243.330309,1478.03422,1295.00918,1567.763797,1316.089007,1405.307335,1206.280104,1342.706173,1448.403473,1542.908515,962.0735189,1154.331049,915.1576501,1336.296609,1331.444659,1147.939576,685.0644944,1186.99648,1147.433064,974.3058638,1076.829503,1109.321619,794.2245103,1167.732711,1079.728676,913.4959599,1229.713043,1219.238111,1326.096588,961.1436059,1213.567569
Coconino County,212.2746212,480.4578313,0,243.2456119,366.1557423,369.778922,312.117635,284.1270714,178.694704,140.0993548,411.6056288,325.858415,924.5782151,151.9517084,392.3879802,925.2683775,774.9989182,838.6735886,962.9181629,822.6514794,994.5103274,934.1215607,1246.638769,841.1705451,713.6628354,1023.774374,829.8371511,451.664049,511.6648054,631.1378316,724.17456,1033.457683,944.4499173,618.0150821,728.8477453,1005.275467,750.7109014,1101.873441,813.7296366,1005.500318,672.7116988,858.8556701,980.5705408,881.2650514,598.3468623,867.4063876,918.3706834,451.2199805,896.1285362,839.4761907,414.0876647,554.7300474,1023.980111,876.1866842,785.447186,961.5161767,764.619237,899.0864785,1049.573793,874.607985,1130.676082,941.4415158,1031.738327,844.7107119,945.8514277,1032.738426,1124.794156,631.557391,767.4859947,689.059568,950.1713354,925.7440366,704.1101903,294.4983963,771.8894078,667.5118406,564.7131129,606.8807123,647.1930364,340.6612065,745.1366961,659.7969609,479.4935805,773.9078985,791.3108936,877.7104729,484.7513404,794.2176892
Gila County,214.7322883,237.4332611,243.2456119,0,128.8976862,157.8697777,298.3845447,163.9327256,343.4810919,183.6229195,205.8032196,109.7004717,1075.304197,187.3639861,309.4061804,1089.151041,968.167805,1023.512161,1161.261094,1003.306164,1182.861252,1102.993489,1456.759859,1032.504767,867.6447396,1217.294434,1063.52831,429.8075331,673.5759688,745.1210839,858.757107,1218.254082,1160.138508,688.1656377,893.5103044,1173.320864,922.6693836,1288.46961,973.2427443,1228.296226,858.9179995,994.0153404,1158.08057,1079.064765,644.1138284,1061.997094,1125.051055,479.8175454,1077.369148,984.146452,507.0944012,560.0537484,1185.249816,1048.42558,899.3433026,1119.177256,852.8066853,1055.253884,1258.556008,1077.739084,1345.269757,1116.614835,1207.004913,1010.838413,1134.719336,1233.725739,1327.681806,774.5113833,948.5285847,768.8139542,1132.458551,1119.963424,921.4962836,468.0734355,970.9768058,910.0041794,758.1224841,841.8068359,876.724374,562.5198869,948.8555678,861.1043383,688.5871822,999.5009287,998.7677463,1098.736826,724.3088006,996.1832671
Graham County,275.1166787,121.7771429,366.1557423,128.8976862,0,68.38455371,396.5015399,248.2876002,471.4600243,276.4400545,199.733065,138.8918277,1193.50384,312.8988563,377.0748789,1210.273311,1094.896917,1148.858802,1288.346924,1128.012653,1308.413175,1225.114427,1584.975654,1158.834143,987.8908301,1343.610186,1191.455583,510.9360591,796.936012,857.3400876,974.6783337,1343.122387,1288.87655,789.1588666,1015.757381,1295.016115,1046.145147,1413.520757,1093.989139,1357.191811,984.9856313,1108.893883,1281.746151,1206.19798,738.5315012,1188.730256,1253.138628,575.7282996,1201.951965,1101.457434,619.7489518,643.3892659,1305.404082,1171.427879,1009.4495,1238.782079,956.0269328,1174.826206,1386.766411,1205.508735,1473.889325,1239.952808,1330.093241,1132.776435,1260.452761,1361.068634,1455.174412,893.2140822,1073.485766,870.937583,1257.078475,1246.541448,1050.359361,595.0705209,1098.441997,1033.493191,885.4359614,969.3495384,1005.172174,691.2592442,1076.844723,988.9944562,817.2870754,1128.295536,1127.038386,1227.63327,850.1843654,1123.930241
Greenlee County,239.7307578,163.3557933,369.778922,157.8697777,68.38455371,0,448.0995621,302.9070174,496.5678655,258.9744172,267.9898856,201.0766543,1233.172629,344.3856783,438.3619298,1246.690787,1122.057944,1178.956972,1314.409756,1159.287368,1338.015332,1260.251974,1606.88894,1186.886529,1025.387562,1371.565038,1199.61499,569.5198621,830.568583,902.0917667,1016.483312,1373.998221,1307.76459,840.6987649,1050.797624,1330.693982,1079.444498,1444.031943,1130.884477,1372.529289,1013.771249,1151.628691,1314.65081,1232.196487,793.0393829,1215.7973,1275.888983,629.176508,1233.398442,1141.999579,663.9740672,701.7802092,1342.956556,1205.364402,1055.802581,1276.962058,1006.584313,1213.048499,1408.853455,1229.525821,1493.581034,1273.371479,1363.849871,1168.181996,1289.716818,1386.33741,1479.9152,932.378597,1104.354271,921.9986721,1288.433038,1273.944243,1067.959016,622.4424672,1123.574966,1031.299367,911.3076399,976.6549845,1016.246134,705.5649386,1100.195847,1012.844151,837.361744,1141.826182,1149.116145,1243.777563,853.4212241,1148.113868
La Paz County,455.4356785,450.4021616,312.117635,298.3845447,396.5015399,448.0995621,0,148.9219,222.8600149,387.3953683,275.5508241,264.0918624,809.1929597,167.8331647,106.707896,833.5721278,750.2786637,792.2634545,943.0696826,767.8815132,950.5741136,851.6772485,1249.772506,809.2099262,611.2881863,990.7048002,926.6292699,144.1346121,439.1946256,465.7817784,587.6639538,980.7265104,971.599764,392.9184517,645.8578929,919.3956109,681.1078453,1051.378815,717.4124804,1053.07046,637.7870321,719.1461886,913.9923134,862.9687196,345.8586468,841.9739291,921.1792391,181.5720535,839.8665947,715.983756,233.4697822,265.9493376,925.0422618,802.1358932,615.0119825,857.4662039,559.5488454,793.9623666,1054.326,869.8472153,1149.028138,871.2260575,959.3257149,759.783667,904.5232662,1017.270645,1111.68066,513.7361199,715.9722107,474.5452756,894.3982126,897.3063812,747.7924274,290.4189542,761.5803433,832.422093,554.9559003,722.7659363,736.6307809,440.7640604,747.9694503,661.7437599,519.253996,840.744723,801.6061911,924.0751353,637.4211707,790.0163595
Maricopa County,357.3404325,305.1375807,284.1270714,163.9327256,248.2876002,302.9070174,148.9219,0,287.6109638,302.7957854,150.9705351,115.6410972,954.9208155,143.167127,146.1125502,976.5599778,880.1303783,927.2428908,1074.092611,904.1965691,1086.582518,993.4677843,1377.837461,941.4278918,753.7142017,1124.901455,1024.669749,267.9355823,572.3703235,613.6348047,734.0689904,1118.578229,1091.480839,540.9480771,785.680023,1062.126504,819.0761558,1189.290519,860.1141932,1168.089859,768.0028341,866.6311986,1053.746789,992.8313927,490.6871851,973.1732194,1046.748598,327.4878183,977.2147501,862.0113427,378.4056113,399.6114525,1069.505722,942.2121696,763.7614988,1002.187023,707.9798578,938.4296889,1180.673997,996.6614396,1272.74307,1011.256133,1100.315862,901.1953277,1039.641855,1147.974512,1242.564058,657.0123803,850.9955691,622.7947094,1032.140308,1029.735584,859.8482367,393.0695201,888.2629429,902.7446552,677.0246094,810.4642249,833.981758,522.7331299,871.2001893,783.5471294,625.9467527,947.3933677,923.781852,1038.058262,708.6114614,915.6508718
Mohave County,387.0877375,566.3102701,178.694704,343.4810919,471.4600243,496.5678655,222.8600149,287.6109638,0,312.2781883,438.4096495,380.4788466,753.0056156,161.1051989,327.66654,758.567436,625.4988647,683.1032612,818.1082034,664.2927418,841.7952309,769.722638,1113.519019,690.346348,542.0761623,875.0004246,738.1407969,332.120328,341.2848668,452.4553796,547.7318994,878.3842702,818.5204013,444.5846916,561.5151828,840.7358391,587.0305038,948.1489103,644.7325254,889.8587509,517.4893206,683.0954858,820.8678903,735.8927929,432.5248548,719.2571023,781.6859519,302.0393399,738.3949281,665.7961357,240.5332436,408.4816216,856.5500306,713.2405793,606.9462091,792.463684,586.8139908,729.2369433,915.3105819,734.2579924,1002.955866,780.3035078,870.9337934,678.6557597,793.4045949,890.3725277,984.25007,456.267501,609.1496662,512.8072235,793.2611935,777.383015,581.6309564,126.4567446,627.5880652,618.9528403,414.9159748,522.859281,547.814961,235.1352266,605.423451,517.6333969,347.2703398,664.6309726,655.6109201,759.8014484,423.7869973,652.7031917
Navajo County,75.3205953,398.0351118,140.0993548,183.6229195,276.4400545,258.9744172,387.3953683,302.7957854,312.2781883,0,387.1625795,291.238912,1063.253687,222.1595456,440.3595089,1065.017078,914.4397627,978.6138043,1101.418939,962.724714,1134.115748,1074.100663,1382.036893,980.6874955,852.220424,1162.845824,953.3901169,531.4611492,650.362086,762.2105099,860.0086268,1173.275047,1078.652446,736.9597564,868.4143048,1145.259328,890.6867739,1241.529482,953.0426686,1136.339015,812.7167776,995.3087687,1120.656533,1019.982275,708.9188406,1006.558784,1055.343826,551.9462937,1036.164636,977.2493347,536.1777274,649.1644078,1163.657578,1016.235667,917.5835205,1100.883162,890.3515883,1038.247372,1185.66592,1012.444724,1264.809232,1081.540009,1171.836615,984.5094854,1085.459881,1170.680464,1262.218263,768.3008356,907.5681071,811.7497517,1090.151629,1064.856452,838.58322,432.9547397,910.6334855,775.3751827,704.4903243,730.6909237,775.5528228,476.3779564,883.1829743,798.4922629,617.5535835,904.104884,928.4371911,1009.88781,603.2958213,932.4537038
Pima County,419.6312762,192.1143304,411.6056288,205.8032196,199.733065,267.9898856,275.5508241,150.9705351,438.4096495,387.1625795,0,96.21185946,1081.294103,287.9092194,212.1264184,1108.051945,1023.579325,1067.376292,1217.013788,1043.244646,1225.9414,1126.680835,1522.564608,1083.515646,886.2509581,1265.710685,1175.625878,349.6765289,713.3986769,734.9780094,859.3585939,1256.272271,1239.319129,645.2285387,921.371149,1193.942467,956.6324705,1326.927981,992.1478239,1317.258852,911.1204323,988.1699251,1189.453599,1136.373254,585.3113347,1115.920941,1192.457405,432.0862977,1115.371951,987.8711732,508.2231625,478.2313222,1198.367826,1077.58002,878.5951706,1130.635273,812.1517021,1067.454329,1326.131677,1141.76672,1419.371656,1146.658677,1234.529104,1034.963883,1179.712996,1291.129164,1385.656274,788.4691521,991.0547139,726.8771901,1169.934961,1171.741872,1009.354126,542.8278461,1033.320798,1051.286131,823.5943895,961.2510323,984.9203181,673.5420399,1017.674342,930.4100527,775.9525172,1097.776809,1070.703599,1187.35645,857.8571065,1061.206998
Pinal County,324.0647032,191.5824592,325.858415,109.7004717,138.8918277,201.0766543,264.0918624,115.6410972,380.4788466,291.238912,96.21185946,0,1070.305109,220.8760069,238.2456179,1091.174666,989.6042328,1038.84579,1183.691522,1016.388485,1198.410551,1107.669511,1485.539025,1051.812773,868.2891394,1235.882922,1117.190361,372.3151638,684.2067312,729.2635738,849.612193,1231.160617,1195.550046,654.4186689,899.3680463,1176.618468,932.0434452,1301.840289,974.6992396,1269.368426,877.9597723,982.2702652,1167.152338,1102.045944,601.6463161,1083.039459,1153.796438,440.0326606,1089.731214,977.4717728,493.8822874,504.7387235,1184.54239,1055.83026,879.1037502,1117.312728,821.7808382,1053.503763,1287.819303,1104.43444,1378.372247,1124.800285,1214.16466,1015.326018,1151.140461,1257.303364,1351.843651,771.9074573,962.7495862,736.4231981,1144.758285,1140.054928,960.8666951,495.7394865,996.2744774,980.0554773,783.8798805,898.898252,927.4798867,612.8636619,977.6547268,889.7063885,726.2486635,1045.095153,1029.538259,1139.231621,789.1172187,1023.089117
Santa Cruz County,1136.784981,1259.322126,924.5782151,1075.304197,1193.50384,1233.172629,809.1929597,954.9208155,753.0056156,1063.253687,1081.294103,1070.305109,0,890.0384879,875.4877981,71.06504766,263.9307256,198.7094109,297.1611491,182.1765809,241.6069743,100.9723322,555.4511569,235.7390976,211.0497452,290.0499814,591.9647008,749.2617011,412.9390349,347.6094934,221.9392983,240.4242016,429.2527946,461.12497,201.3675264,132.6625345,195.3635918,296.8608394,115.6937792,521.2346019,294.0960929,105.761331,168.5378037,276.0986163,533.6093832,254.1428365,346.9483699,655.2804386,170.2600423,93.44331555,576.5441024,650.6781371,120.5040646,121.3603608,228.7416948,55.14434511,327.4885774,36.392004,416.7733284,313.2142918,510.778787,139.6473494,186.5884646,107.8551066,226.5873962,346.7762827,415.4407285,300.7974239,212.2102,392.9591739,185.6019194,257.6437853,430.7433972,630.3159131,297.4607587,735.0324624,395.7160005,597.982732,538.0269879,635.3405824,332.4203648,357.1884995,500.7781283,492.4734101,346.0755892,460.8756846,675.7844268,309.4500106
Yavapai County,293.3774439,405.2064114,151.9517084,187.3639861,312.8988563,344.3856783,167.8331647,143.167127,161.1051989,222.1595456,287.9092194,220.8760069,890.0384879,0,240.5439851,902.3651374,782.0007573,836.4080533,975.5063467,816.0181775,995.8559644,915.8748039,1273.241673,845.9685965,681.4048236,1030.754735,896.3180736,311.6046433,486.2842417,565.9833894,675.5569052,1031.01566,979.3920909,523.6349904,706.4140481,986.3090929,735.3261523,1101.284656,786.6721153,1050.939873,672.1756393,811.326883,970.7183402,893.3794149,490.0795211,875.8330197,941.2540386,330.5942491,890.0639905,799.5960835,330.2335919,427.0120898,998.8323457,861.1286142,721.4924578,933.0659838,683.1098864,869.2055042,1075.083111,893.1575216,1163.52971,929.2724972,1019.68341,823.7963549,947.7992688,1048.330191,1142.5187,589.3715106,761.2924224,601.4684238,945.1628998,933.6457138,742.7361551,282.3594267,785.8243362,763.609488,572.7694589,678.2646753,706.6974809,391.9880005,764.8649188,676.9019101,508.3423058,825.1757244,815.6355076,920.8952449,570.8115078,811.5780958
Yuma County,499.9716214,402.2815671,392.3879802,309.4061804,377.0748789,438.3619298,106.707896,146.1125502,327.66654,440.3595089,212.1264184,238.2456179,875.4877981,240.5439851,0,906.0912245,839.5025878,876.423434,1030.32463,850.7071932,1032.772136,926.2872919,1338.530167,896.0250461,686.6603412,1074.716165,1029.973361,138.0741624,528.5501847,527.9733341,653.8877342,1060.547968,1066.582184,433.3499238,725.101445,991.92571,762.5615426,1130.836061,791.2974361,1150.305532,727.4954498,779.9747739,991.5077459,951.5777434,373.3225473,929.5383181,1012.801176,221.6145424,921.0198655,782.1016037,312.4727439,268.9321314,993.9001445,879.806557,668.1747497,926.089338,600.0812316,863.5933394,1144.924568,960.7988868,1241.175013,948.5574996,1034.714562,835.6315278,987.9300197,1104.51844,1198.452787,588.7029036,800.5867864,514.864285,974.7643662,983.4760181,847.2992878,395.6639675,853.1663455,939.1101053,650.8909555,828.3626624,840.5669178,547.3501465,841.9197868,757.0447515,621.7543129,941.878621,895.9268169,1022.142244,744.1282254,882.1834895
Alameda County,1137.334525,1281.687407,925.2683775,1089.151041,1210.273311,1246.690787,833.5721278,976.5599778,758.567436,1065.017078,1108.051945,1091.174666,71.06504766,902.3651374,906.0912245,0,214.317009,141.3834838,226.0961166,132.6968879,172.5351522,30.47676002,491.4368853,174.7072105,222.8859482,221.5446079,529.263755,784.5064581,417.5875018,382.5606604,255.8435231,176.638069,359.2250345,505.169797,197.0565856,85.90893166,176.349158,238.9951606,116.4790835,450.500163,268.5842298,165.2022504,102.2409943,208.671615,578.2952215,188.4507908,277.2787984,688.6769423,102.3679081,136.5983002,600.120865,693.5801194,98.93305731,64.72650395,283.5345701,48.0289788,384.5580486,51.29696121,346.3756056,246.247216,441.4129137,68.99146994,131.9154615,80.68721771,155.5225048,277.039782,349.3772913,319.8614326,176.0393718,442.9016636,114.8073402,187.126508,380.3828491,633.3799335,244.9307157,684.3805252,376.749838,553.0004639,490.4553582,620.5607946,281.8630821,320.8909135,480.3465271,433.4447821,287.7264675,394.2024664,640.710434,252.2495364
Alpine County,982.8570277,1180.813486,774.9989182,968.167805,1094.896917,1122.057944,750.2786637,880.1303783,625.4988647,914.4397627,1023.579325,989.6042328,263.9307256,782.0007573,839.5025878,214.317009,0,77.00753461,194.0873049,82.41519993,219.9398461,203.5397195,499.537299,66.40305792,207.2929167,249.6715656,340.896203,738.3692226,311.3700359,376.3428134,283.4738588,260.6439112,244.0381468,510.9052372,157.0607354,264.7713465,117.3781318,327.441523,178.1960824,339.5077973,112.5037945,296.7743604,220.118548,112.7958958,579.1009629,93.83716361,176.1123773,641.7099212,135.4801581,250.702728,528.2059577,679.3996511,299.6540218,149.6105936,364.4735543,262.3343375,454.7123521,227.6284149,305.6916256,123.2032369,403.5446849,190.5958176,272.1048529,158.076541,171.3752465,267.8450032,362.4341034,280.8329609,68.31541816,477.7395916,182.8274983,151.8870517,167.0568134,500.0951804,35.5266527,471.5469394,211.1918757,338.7789601,276.220778,445.3624487,68.50309842,120.7213683,300.3945351,234.6131299,93.82926131,235.1579176,432.2265742,59.23980331
Amador County,1048.310408,1230.42094,838.6735886,1023.512161,1148.858802,1178.956972,792.2634545,927.2428908,683.1032612,978.6138043,1067.376292,1038.84579,198.7094109,836.4080533,876.423434,141.3834838,77.00753461,0,158.6711358,29.9765177,159.6657365,127.5171164,466.2668384,39.43011926,206.7463159,198.5035133,393.7284712,767.5224165,354.8731834,384.5114245,273.8876449,195.3565984,253.2587418,518.5555695,158.5042365,187.812468,116.8291952,265.0848172,138.9859647,350.2368458,166.1724068,251.8959452,145.7243151,95.49896095,589.773265,69.03083413,172.8378544,670.1891891,59.79629606,207.323414,563.9757638,696.7566835,222.8663949,78.22210085,340.5642932,189.1640222,437.8315534,163.6345284,283.80485,126.5394682,384.5100349,113.8122925,197.9821814,102.6483708,112.4145029,231.204569,323.3723983,296.7341715,76.32810395,474.1407338,111.6882969,109.6418835,239.6902429,556.7531771,104.2169288,543.1727917,274.4674045,414.2025925,350.5276581,514.9602715,141.7707535,194.9370244,370.3304131,293.9319688,147.5598181,268.4825599,509.2175489,111.3327041
Butte County,1168.059714,1374.88966,962.9181629,1161.261094,1288.346924,1314.409756,943.0696826,1074.092611,818.1082034,1101.418939,1217.013788,1183.691522,297.1611491,975.5063467,1030.32463,226.0961166,194.0873049,158.6711358,0,187.7716491,76.99506103,196.5488761,308.8348236,134.3139617,365.038184,68.85084343,351.6948634,924.4476638,503.8798647,542.9413667,429.2163545,117.1112511,143.4578099,676.6385894,317.173233,205.001205,275.3936678,159.9635354,285.2457208,226.8671145,306.1114044,381.7630993,143.2090644,82.21720648,748.1542671,101.1051761,75.66547452,827.2050634,137.0784623,342.7183506,718.0614494,855.42212,248.749069,194.5840925,486.7463331,259.1231002,586.8595388,272.0014443,127.3548974,93.02408505,227.7110035,158.2478221,170.7271733,239.6338103,70.5744024,74.23128972,168.6451726,455.1867196,231.383387,629.4552743,112.6963444,49.25877821,286.300377,693.3037571,191.2416974,553.9455426,403.1939028,456.4181299,390.02636,627.0782656,218.8003501,303.1562197,483.9217942,284.9962077,179.8821468,203.0725931,575.1550612,169.2234379
Calaveras County,1033.129869,1207.963018,822.6514794,1003.306164,1128.012653,1159.287368,767.8815132,904.1965691,664.2927418,962.724714,1043.244646,1016.388485,182.1765809,816.0181775,850.7071932,132.6968879,82.41519993,29.9765177,187.7716491,0,182.6975553,125.2181289,494.3766951,66.94924657,177.2872054,224.1530063,414.3872519,740.341562,332.1990413,355.1729245,243.911721,215.128217,282.1835633,489.014483,129.733491,191.665812,88.88054067,285.6509505,110.8948113,379.301776,150.6317784,226.2193575,158.0141613,125.1585674,560.4007457,98.64389459,202.3605081,642.9941665,74.124244,180.9479626,538.4285145,667.9427885,222.4924069,68.10932159,311.3636751,180.5763072,408.187662,146.0729401,313.4670033,154.9350082,414.1905949,120.740111,209.6498343,79.23442999,137.2420768,259.5989786,350.9072857,268.540849,55.24878,444.1752469,129.1568462,138.5624542,249.436024,537.8364387,115.2915412,553.9246596,260.6241804,420.4752193,358.4703241,503.5621375,150.7896286,190.6829856,359.8868832,311.7300952,165.9128556,293.8745226,509.2886256,128.8723311
Colusa County,1202.756552,1389.99142,994.5103274,1182.861252,1308.413175,1338.015332,950.5741136,1086.582518,841.7952309,1134.115748,1225.9414,1198.410551,241.6069743,995.8559644,1032.772136,172.5351522,219.9398461,159.6657365,76.99506103,182.6975553,0,142.105569,324.0427986,153.5494476,351.3402696,49.2974639,427.7098127,920.2104493,514.2864951,527.0175844,405.8206726,44.8747357,219.604738,657.4579526,308.436485,132.7600913,270.216772,107.5017813,257.1738435,297.7759361,324.3059903,336.5624857,74.96306162,126.9752342,730.2064972,131.3129869,151.2249735,822.9489388,112.2018407,302.8120438,720.7382923,841.6510876,175.5039081,161.6810568,450.4369024,196.3922819,551.7674817,222.7895531,176.771324,153.9895981,269.1747123,104.4920711,93.9155417,209.404631,48.6589007,105.460331,179.7584407,447.1284922,235.662737,602.8856217,62.51785749,77.63213428,343.9251201,715.6092653,229.0181398,624.368074,429.9231097,518.8359801,452.2061125,664.8770352,262.8979251,338.9643844,520.0130613,355.7823928,235.1949501,279.4932507,631.7338229,214.6953084
Contra Costa County,1145.833811,1298.573458,934.1215607,1102.993489,1225.114427,1260.251974,851.6772485,993.4677843,769.722638,1074.100663,1126.680835,1107.669511,100.9723322,915.8748039,926.2872919,30.47676002,203.5397195,127.5171164,196.5488761,125.2181289,142.105569,0,461.9556538,156.680869,240.4305141,191.1744863,507.4315464,806.4353769,429.8744611,405.5378862,279.5617755,147.8756004,331.6083076,530.3586599,209.4850607,71.16169426,183.413914,212.2679846,134.9969004,421.8372101,269.8511487,195.0724481,73.06909897,184.3745553,603.5125093,166.0646099,250.2405299,710.1531587,79.57938552,164.4822017,618.4627106,718.0773724,97.2969383,59.60590181,312.0936615,67.2117353,413.3202902,81.02378917,316.0077249,222.1082953,410.9365117,38.68178287,108.5533709,92.39213332,126.0291344,246.5665316,319.4513154,338.2824311,174.5251623,469.8535555,84.6296335,159.1878636,366.9552539,643.9096154,231.6533744,669.5817605,379.5214109,541.701816,477.9955542,623.6523502,269.2834817,315.881699,481.6048621,414.3484325,269.9929398,369.7204346,634.2311853,235.7191557
Del Norte County,1444.589545,1675.941389,1246.638769,1456.759859,1584.975654,1606.88894,1249.772506,1377.837461,1113.519019,1382.036893,1522.564608,1485.539025,555.4511569,1273.241673,1338.530167,491.4368853,499.537299,466.2668384,308.8348236,494.3766951,324.0427986,461.9556538,0,442.9856156,670.3297639,275.6819557,490.2099588,1233.242756,810.8832959,847.8299268,729.0110238,315.2759414,304.9510547,979.9035425,624.0678704,426.4673528,582.9998078,263.5439723,580.760068,273.4853977,611.998197,656.5799173,389.1960225,387.0343108,1052.280595,409.1043331,332.0074171,1135.976671,432.4793673,625.6792758,1026.515306,1161.830792,456.4714571,485.3615436,773.5294732,503.4047729,874.8812477,542.7100107,198.2095777,381.202669,123.6717741,426.6676099,371.5893994,533.0660561,360.4108417,235.1469857,144.6915712,762.8789864,540.1481626,926.8692197,386.5549039,356.9336717,543.6431887,991.2629728,489.5745953,724.0898625,701.6772437,679.4672482,620.6470621,906.1103451,508.4031127,596.4035083,769.5971285,491.2110738,458.0018034,380.5336861,811.2058407,462.4512842
El Dorado County,1049.216377,1243.228807,841.1705451,1032.504767,1158.834143,1186.886529,809.2099262,941.4278918,690.346348,980.6874955,1083.515646,1051.812773,235.7390976,845.9685965,896.0250461,174.7072105,66.40305792,39.43011926,134.3139617,66.94924657,153.5494476,156.680869,442.9856156,0,238.0156636,184.7948898,356.2334104,790.605308,370.1393919,414.5441374,308.2857194,194.4154415,215.3704406,549.1887009,188.2171459,209.2439564,145.6695146,261.0503221,177.6596262,312.5496986,174.0182888,291.3124888,158.6475,60.491986,619.5893405,34.79404905,136.4740087,693.4387473,79.36353062,246.6495294,583.7474956,724.4390098,247.8248257,114.3981337,378.1839351,221.5432474,474.4678172,201.3475995,254.6706197,87.99637354,354.8495045,135.15867,209.6996552,142.05766,104.9722165,208.4934605,302.5995435,323.6201954,98.40139124,507.8772943,119.2624604,88.3090135,212.8275159,564.5671252,81.2200428,513.3903831,276.8986146,389.5042717,324.4340179,511.6626452,118.6286815,186.3318555,366.7159039,258.7375892,113.3816858,229.1111524,491.104201,79.35148828
Fresno County,925.8234444,1058.849689,713.6628354,867.6447396,987.8908301,1025.387562,611.2881863,753.7142017,542.0761623,852.220424,886.2509581,868.2891394,211.0497452,681.4048236,686.6603412,222.8859482,207.2929167,206.7463159,365.038184,177.2872054,351.3402696,240.4305141,670.3297639,238.0156636,0,396.7762677,533.2386077,569.8343158,202.0040911,177.9207108,77.89630684,375.2902519,448.3763627,311.8164251,50.61110323,308.4210766,92.81522655,445.0082679,106.4109065,545.0326956,145.7476188,159.3252847,304.9543972,298.5058338,383.1170985,272.4624532,373.4715356,472.8232696,239.3978758,128.6266048,378.0322857,491.5134708,317.6415639,193.5841005,168.7473534,251.6725893,249.7253063,187.876673,490.5278058,322.1530278,591.2103445,262.001211,348.4330785,149.0076755,310.3401491,436.2920197,526.1120952,98.00458424,142.7988816,271.2575015,290.8192616,315.8020424,331.8331293,419.3061978,238.4498568,612.7694893,211.7601101,463.5079861,416.5885342,435.3577726,254.6197942,223.6171979,312.5942203,423.1096592,297.9293998,441.7789138,510.1997487,266.1074726
Glenn County,1230.378753,1427.386216,1023.774374,1217.294434,1343.610186,1371.565038,990.7048002,1124.901455,875.0004246,1162.845824,1265.710685,1235.882922,290.0499814,1030.754735,1074.716165,221.5446079,249.6715656,198.5035133,68.85084343,224.1530063,49.2974639,191.1744863,275.6819557,184.7948898,396.7762677,0,413.3060875,964.1351296,552.7002121,573.4287856,453.4375049,63.78003649,195.280814,704.6882651,352.3582936,174.9927462,312.8218326,91.29328285,305.0810129,263.0098685,358.6719939,385.8239094,121.9837531,144.0346496,777.2669699,156.4097017,141.5500969,866.8013744,157.5660836,352.0397316,762.3280926,887.9322025,215.5890812,209.6866748,499.5938696,243.2945987,600.9031992,271.987837,132.3056877,161.0941017,221.0501407,153.7657754,128.0668737,257.3848255,86.99827711,59.99170016,131.0769572,491.4411832,274.7404111,651.2410578,111.2932227,98.04574151,354.6869418,749.3252912,252.6428254,621.074563,460.8443856,525.2672283,458.876183,690.273804,283.1043888,364.6380723,546.1688908,352.429617,247.4440751,264.5763951,643.6425902,233.5434124
Humboldt County,1006.570052,1297.562173,829.8371511,1063.52831,1191.455583,1199.61499,926.6292699,1024.669749,738.1407969,953.3901169,1175.625878,1117.190361,591.9647008,896.3180736,1029.973361,529.263755,340.896203,393.7284712,351.6948634,414.3872519,427.7098127,507.4315464,490.2099588,356.2334104,533.2386077,413.3060875,0,962.0579941,542.4553162,676.0178808,611.0313281,468.7494192,223.2501568,801.9703618,487.1971517,543.2085455,453.3891085,500.5928417,518.9069352,216.729016,393.5340706,637.4286319,481.6431242,324.399627,860.3368249,341.3884843,276.493639,873.9876026,427.9828157,591.3817437,747.9724517,939.9051424,586.5330719,470.6312223,699.4659902,574.3743052,782.1167213,557.3080866,335.976424,287.1150063,367.4240496,477.2827875,519.4520307,493.6216383,402.1123074,373.8575349,426.7092818,578.6578756,408.0036912,788.7667873,441.8340363,361.6611195,208.2777322,637.2993361,305.4363756,233.8809595,405.7431522,223.0529112,190.8153714,504.3363871,280.3936149,322.4336639,408.4794083,110.2409895,248.8827575,148.8800454,351.5071645,285.8963684
Imperial County,598.8690133,540.3386994,451.664049,429.8075331,510.9360591,569.5198621,144.1346121,267.9355823,332.120328,531.4611492,349.6765289,372.3151638,749.2617011,311.6046433,138.0741624,784.5064581,738.3692226,767.5224165,924.4476638,740.341562,920.2104493,806.4353769,1233.242756,790.605308,569.8343158,964.1351296,962.0579941,0,433.8857776,402.4963401,529.4751456,945.1121012,973.8956746,298.2124757,611.8990934,869.8449601,651.4755552,1014.647509,671.8366561,1062.084905,628.6984749,650.8369464,874.0514486,848.3499225,235.7371141,824.9130005,914.0607398,97.34743498,808.0089238,656.3765382,215.8584156,132.4547146,868.8944126,763.2921472,535.8034702,801.2545032,463.7238706,739.9124356,1043.518633,861.3228336,1141.912957,831.1894501,914.9494377,717.6460404,877.1470451,998.1501567,1090.89398,473.0977161,693.0945941,378.9242023,860.457814,876.3911825,767.8962561,354.251378,755.8958504,900.714379,565.773454,775.6820903,777.5414431,512.7523214,749.2818029,668.4533223,556.6638461,866.3905695,803.4116682,936.9538908,710.305954,785.6412632
Inyo County,723.8489369,875.7866411,511.6648054,673.5759688,796.936012,830.568583,439.1946256,572.3703235,341.2848668,650.362086,713.3986769,684.2067312,412.9390349,486.2842417,528.5501847,417.5875018,311.3700359,354.8731834,503.8798647,332.1990413,514.2864951,429.8744611,810.8832959,370.1393919,202.0040911,552.7002121,542.4553162,433.8857776,0,180.2713451,222.8115747,547.1303795,540.6236636,274.2954763,220.7143025,500.5821794,249.2253716,617.7620238,303.4533536,628.1993225,199.05554,351.8876641,484.8130808,423.9057669,322.7306097,402.7809072,484.3046916,339.7188115,405.7118716,328.7157025,219.3594149,397.6005906,515.3236407,374.8500078,303.5208739,451.2263355,327.9524083,388.1573368,616.4345758,432.2487111,712.7139935,443.1187211,533.4411652,338.1261154,467.2721668,578.0766222,672.5025417,128.7050998,278.6459325,290.7568676,460.8054378,458.3445837,339.3464858,217.4076802,324.7640248,539.2615424,136.8284143,392.4494364,372.4987393,254.9528798,315.6947268,234.9591464,177.0879605,439.9561806,369.8743447,503.6110052,385.9612071,354.0001328
Kern County,837.4962608,915.9566097,631.1378316,745.1210839,857.3400876,902.0917667,465.7817784,613.6348047,452.4553796,762.2105099,734.9780094,729.2635738,347.6094934,565.9833894,527.9733341,382.5606604,376.3428134,384.5114245,542.9413667,355.1729245,527.0175844,405.5378862,847.8299268,414.5441374,177.9207108,573.4287856,676.0178808,402.4963401,180.2713451,0,126.99891,547.8060962,620.3112613,134.8432975,226.4627302,467.5738871,268.9227139,616.0881911,272.3189071,715.751773,285.9782341,253.512515,474.9912441,474.9343786,205.2655181,449.2339921,548.4456936,307.7520671,415.8674068,254.333814,238.1185982,314.6370151,466.6539963,366.4401956,155.8425908,398.9254737,149.5693874,337.4206131,668.142213,496.2480622,768.7557279,432.5365975,513.7333982,319.4108834,487.5058992,614.134931,703.4064187,98.20685978,317.1560518,115.8579908,465.45683,493.7135499,467.8320265,348.7675629,403.2903241,708.4886907,287.6594786,558.4788902,527.5353613,429.1130094,410.8010145,353.5869609,354.7175444,567.0114651,460.3669988,604.5821797,565.0460951,432.72867
Kings County,934.7238592,1037.993891,724.17456,858.757107,974.6783337,1016.483312,587.6639538,734.0689904,547.7318994,860.0086268,859.3585939,849.612193,221.9392983,675.5569052,653.8877342,255.8435231,283.4738588,273.8876449,429.2163545,243.911721,405.8206726,279.5617755,729.0110238,308.2857194,77.89630684,453.4375049,611.0313281,529.4751456,222.8115747,126.99891,0,423.8022509,521.7438357,251.9417573,126.6026863,340.630305,166.7453197,491.1099853,148.7535961,618.7950782,221.3291008,135.9560639,350.1200043,368.3315183,324.9474191,341.8980855,444.7198481,434.4338996,296.8097613,128.5135578,355.7716112,438.60253,340.0702549,244.1709664,95.36494406,272.2755188,171.9413575,210.4399582,556.197649,394.5817649,656.8283255,308.1642146,387.3576628,196.5008799,369.1837396,497.8355504,584.319718,94.49447857,217.11813,200.3867713,343.5535263,380.1511837,408.6914078,431.4130788,315.5027071,683.9625585,271.3982603,533.6528368,489.8466287,473.5681187,332.4886233,298.6266278,364.8240776,500.8640828,375.1437515,518.5110002,570.0612937,342.5976501
Lake County,1242.466888,1422.706357,1033.457683,1218.254082,1343.122387,1373.998221,980.7265104,1118.578229,878.3842702,1173.275047,1256.272271,1231.160617,240.4242016,1031.01566,1060.547968,176.638069,260.6439112,195.3565984,117.1112511,215.128217,44.8747357,147.8756004,315.2759414,194.4154415,375.2902519,63.78003649,468.7494192,945.1121012,547.1303795,547.8060962,423.8022509,0,255.5233146,675.6376086,335.5317796,115.9746605,299.7182018,70.71574804,275.5945541,326.6433474,361.4576658,341.4959615,74.83697699,171.7126824,748.7113795,174.7470459,192.6874968,848.1107891,141.4329565,312.3560086,749.4228845,861.9783739,154.0865538,181.9017657,459.9229748,189.6722722,561.0859037,227.9207067,194.6809153,198.6985658,277.818868,115.6581228,65.21730114,228.4157249,90.26633122,122.8580037,175.5135725,472.5749261,269.7262493,617.1574637,86.43939223,122.4439487,388.7144767,751.9942013,271.9520294,668.4786261,468.7858775,563.7106892,497.0806494,706.0056367,306.5474223,380.6702185,561.0341784,399.674111,279.9884547,320.0085508,676.3004649,258.8049822
Lassen County,1140.325861,1384.178115,944.4499173,1160.138508,1288.87655,1307.76459,971.599764,1091.480839,818.5204013,1078.652446,1239.319129,1195.550046,429.2527946,979.3920909,1066.582184,359.2250345,244.0381468,253.2587418,143.4578099,282.1835633,219.604738,331.6083076,304.9510547,215.3704406,448.3763627,195.280814,223.2501568,973.8956746,540.6236636,620.3112613,521.7438357,255.5233146,0,754.9337058,397.7743025,348.0609736,355.7926764,278.9330168,392.1865403,97.22551437,346.5152688,501.8183155,285.8368659,158.7519616,823.0155689,184.6480315,82.69527756,878.4201265,259.7646514,458.7582587,759.9799659,921.7527587,391.9340046,314.6850648,593.5352692,397.1881746,689.5873993,399.8621059,119.1741341,127.5553332,186.2326582,295.0822435,313.4967503,352.7071064,208.560711,150.904759,209.6474129,524.7682641,305.5822334,719.6299038,251.7501295,172.4302713,240.3403114,699.8401882,219.944843,445.8189365,416.6537009,378.37895,317.1724213,603.8413965,225.0053237,309.8732104,471.6039793,190.1113903,170.8378087,81.55455284,508.4858821,189.8978069
Los Angeles County,811.5577044,833.1962769,618.0150821,688.1656377,789.1588666,840.6987649,392.9184517,540.9480771,444.5846916,736.9597564,645.2285387,654.4186689,461.12497,523.6349904,433.3499238,505.169797,510.9052372,518.5555695,676.6385894,489.014483,657.4579526,530.3586599,979.9035425,549.1887009,311.8164251,704.6882651,801.9703618,298.2124757,274.2954763,134.8432975,251.9417573,675.6376086,754.9337058,0,360.9947151,588.0517423,403.5220202,742.4600357,400.6462446,850.1249168,417.2378752,358.5661794,601.6953439,609.6211711,73.15417654,583.8322424,683.2862439,214.7486321,547.4314724,370.8443985,204.275446,189.5658666,581.628932,495.9420945,239.3874826,515.073305,167.5394283,457.0223373,802.344184,631.0864386,903.0227338,559.9798224,637.0840605,448.3477478,619.5427427,747.1456687,835.2672729,230.864997,451.9729415,82.06521088,595.3306559,627.3804297,593.9267646,370.6775906,537.2172311,813.458831,402.3658262,666.5922669,643.3098716,489.6584624,543.0547449,480.5884717,449.339963,694.3390769,593.602461,737.3508309,653.0842346,566.828555
Madera County,941.0493442,1090.577143,728.8477453,893.5103044,1015.757381,1050.797624,645.8578929,785.680023,561.5151828,868.4143048,921.371149,899.3680463,201.3675264,706.4140481,725.101445,197.0565856,157.0607354,158.5042365,317.173233,129.733491,308.436485,209.4850607,624.0678704,188.2171459,50.61110323,352.3582936,487.1971517,611.8990934,220.7143025,226.4627302,126.6026863,335.5317796,397.7743025,360.9947151,0,279.9512581,42.56514998,405.9844005,86.1918092,494.4219272,110.0277359,176.3485048,268.2300504,248.6826533,431.6685269,222.8379268,323.1736388,514.5970601,196.2918483,136.1471962,413.9501603,538.2811401,295.3285015,156.5364298,212.3013298,232.9707614,298.3450817,171.8650672,441.7555175,271.6734609,542.3261895,225.6068628,314.8259199,117.4392996,265.4332674,389.3296295,480.382917,139.1172133,92.21138581,321.8660406,249.6677099,268.0851897,289.428176,436.3812175,188.9121113,578.4835819,197.229299,431.2922014,380.3789443,434.0703461,207.2401689,186.5955604,301.8825941,377.4280037,248.5819059,391.9454412,489.069563,216.0783885
Marin County,1216.96466,1367.263709,1005.275467,1173.320864,1295.016115,1330.693982,919.3956109,1062.126504,840.7358391,1145.259328,1193.942467,1176.618468,132.6625345,986.3090929,991.92571,85.90893166,264.7713465,187.812468,205.001205,191.665812,132.7600913,71.16169426,426.4673528,209.2439564,308.4210766,174.9927462,543.2085455,869.8449601,500.5821794,467.5738871,340.630305,115.9746605,348.0609736,588.0517423,279.9512581,0,254.5730449,164.9811064,202.0578852,430.1102002,339.5578775,238.0186346,62.50879321,220.3774628,661.0395144,208.7235543,272.2230779,774.2187014,130.475023,217.3333325,685.9613709,777.0628838,43.97284858,129.7943541,360.3690916,78.12497472,459.8965259,131.0515913,307.1765423,256.6693614,393.6230017,74.46059286,54.93359277,162.5220162,142.1021635,234.8770484,290.393484,405.6613367,243.5926363,523.0728377,101.3960946,182.1067614,422.0308069,714.9931704,289.0617738,720.3463623,449.5511651,598.7265697,533.6454778,693.5425005,326.9332128,381.3859934,550.7928134,458.1068222,319.0606801,398.9057669,696.9933798,287.8897004
Mariposa County,962.4649684,1123.505988,750.7109014,922.6693836,1046.145147,1079.444498,681.1078453,819.0761558,587.0305038,890.6867739,956.6324705,932.0434452,195.3635918,735.3261523,762.5615426,176.349158,117.3781318,116.8291952,275.3936678,88.88054067,270.216772,183.413914,582.9998078,145.6695146,92.81522655,312.8218326,453.3891085,651.4755552,249.2253716,268.9227139,166.7453197,299.7182018,355.7926764,403.5220202,42.56514998,254.5730449,0,370.4196606,82.83690041,452.613474,99.01401427,193.4479287,235.6069061,206.1248947,474.0681027,180.3195616,280.6883427,554.1286906,158.7964472,148.9723423,450.5604449,580.0818232,275.1751027,126.2139526,247.5968446,217.6000969,337.4445494,161.7753889,399.4671317,229.3515465,499.9780844,193.9463452,284.4124015,96.07173348,225.8320894,348.0072265,439.7377508,179.9122901,50.4004414,363.9043875,213.322853,226.4594358,261.5701728,460.9470261,150.8091468,557.9486717,202.0405806,413.8022771,359.0058778,444.8728172,173.1235387,168.0891741,306.7464962,344.500378,210.4795588,352.4815641,482.1007953,176.6151814
Mendocino County,1310.246271,1493.391803,1101.873441,1288.46961,1413.520757,1444.031943,1051.378815,1189.290519,948.1489103,1241.529482,1326.927981,1301.840289,296.8608394,1101.284656,1130.836061,238.9951606,327.441523,265.0848172,159.9635354,285.6509505,107.5017813,212.2679846,263.5439723,261.0503221,445.0082679,91.29328285,500.5928417,1014.647509,617.7620238,616.0881911,491.1099853,70.71574804,278.9330168,742.4600357,405.9844005,164.9811064,370.4196606,0,343.8030772,332.7756692,430.828403,401.0908312,141.1019885,230.1453739,815.6050207,237.8212205,232.4637657,917.7660657,212.1119055,375.5878925,819.9267776,929.685449,192.9340876,251.4250841,521.9467315,242.9913911,622.4939404,289.5360559,189.6698731,251.1012871,251.720123,183.659783,110.3239568,297.1811489,156.1131808,129.0464421,138.0090961,542.5517496,340.0368959,681.8184024,157.1547311,181.3436025,444.5260499,821.8254664,335.6424023,711.8367051,537.2037084,616.250425,549.7814953,772.250645,368.4860764,446.2328481,627.4332321,443.4511383,336.4739592,352.6629656,733.4478502,319.5104864
Merced County,1025.995312,1165.247317,813.7296366,973.2427443,1093.989139,1130.884477,717.4124804,860.1141932,644.7325254,953.0426686,992.1478239,974.6992396,115.6937792,786.6721153,791.2974361,116.4790835,178.1960824,138.9859647,285.2457208,110.8948113,257.1738435,134.9969004,580.760068,177.6596262,106.4109065,305.0810129,518.9069352,671.8366561,303.4533536,272.3189071,148.7535961,275.5945541,392.1865403,400.6462446,86.1918092,202.0578852,82.83690041,343.8030772,0,489.0479115,181.5306892,118.5785318,202.7346629,233.8481945,473.580021,207.6260582,311.1917336,575.3737571,149.7442407,72.50729636,484.0253486,586.3893602,212.2536451,95.49381271,202.722752,147.8596149,301.8628517,85.7593574,412.5833109,265.4569244,512.6412862,160.2177638,243.4984972,47.77235729,222.0118682,351.2986954,436.1090621,203.6989225,113.6120514,346.4156983,194.8301333,237.0615197,337.3364066,520.4039903,213.7226874,637.7034334,280.289891,495.2657085,438.8627154,519.7390529,243.0974603,250.2061593,385.3521331,412.6957767,270.4812845,404.0725736,564.8257014,233.8426151
Modoc County,1194.825985,1456.128207,1005.500318,1228.296226,1357.191811,1372.529289,1053.07046,1168.089859,889.8587509,1136.339015,1317.258852,1269.368426,521.2346019,1050.939873,1150.305532,450.500163,339.5077973,350.2368458,226.8671145,379.301776,297.7759361,421.8372101,273.4853977,312.5496986,545.0326956,263.0098685,216.729016,1062.084905,628.1993225,715.751773,618.7950782,326.6433474,97.22551437,850.1249168,494.4219272,430.1102002,452.613474,332.7756692,489.0479115,0,438.1524626,597.4390193,369.3834943,255.2773238,917.4971213,281.4219466,178.2046911,967.478453,353.4634467,554.899494,847.0522974,1014.335886,473.2344978,409.4870034,690.6653168,485.7393266,786.8125559,493.2734299,144.4556072,224.7805833,150.9332967,384.1689029,389.4050048,448.8442905,296.3154469,206.8979572,226.5493278,619.5152381,402.3096506,816.2713194,339.2145551,263.6566913,308.5204308,775.0873648,313.3388867,450.6099023,499.5012305,415.114394,361.9859385,667.0107765,313.5820953,394.1683827,543.1217968,232.3016778,259.9501736,130.1408462,547.9324207,283.4895523
Mono County,882.7813846,1069.319364,672.7116988,858.9179995,984.9856313,1013.771249,637.7870321,768.0028341,517.4893206,812.7167776,911.1204323,877.9597723,294.0960929,672.1756393,727.4954498,268.5842298,112.5037945,166.1724068,306.1114044,150.6317784,324.3059903,269.8511487,611.998197,174.0182888,145.7476188,358.6719939,393.5340706,628.6984749,199.05554,285.9782341,221.3291008,361.4576658,346.5152688,417.2378752,110.0277359,339.5578775,99.01401427,430.828403,181.5306892,438.1524626,0,285.6197677,308.5538481,225.269228,481.7581231,205.1776124,285.8487539,532.6047342,223.5030231,243.5346315,416.8743203,576.1976656,365.7092882,210.2570501,314.4019292,312.7401263,389.9500476,259.8878079,417.4292769,233.4699965,514.2096545,270.9964194,360.2806524,191.173549,275.9476361,380.0993953,474.6750129,187.7718014,96.23017959,396.2082,277.4764352,262.1382039,187.9700006,391.3336562,127.2361816,468.9024802,110.1777921,321.2791802,271.4688926,353.984857,126.1816414,77.9125372,211.9480625,283.4889874,178.439115,320.5932126,383.3329507,157.1025049
Monterey County,1069.876236,1169.427269,858.8556701,994.0153404,1108.893883,1151.628691,719.1461886,866.6311986,683.0954858,995.3087687,988.1699251,982.2702652,105.761331,811.326883,779.9747739,165.2022504,296.7743604,251.8959452,381.7630993,226.2193575,336.5624857,195.0724481,656.5799173,291.3124888,159.3252847,385.8239094,637.4286319,650.8369464,351.8876641,253.512515,135.9560639,341.4959615,501.8183155,358.5661794,176.3485048,238.0186346,193.4479287,401.0908312,118.5785318,597.4390193,285.6197677,0,267.4157362,343.3143443,430.3921387,318.0926002,419.4291852,558.638467,245.7405103,46.07175288,489.2235104,547.978016,224.9225784,188.5006222,123.1351289,160.9054306,221.8779036,114.0526593,506.6167764,377.5076434,603.8980866,232.0712278,291.2085114,149.6294907,312.784203,439.4665636,514.5091579,227.3187553,231.4542373,288.0630924,276.1582406,336.9326176,453.9761103,565.1675847,332.3008832,751.2429409,369.0600708,605.9664611,552.3477088,593.9348537,361.2107424,360.1115003,471.4300884,531.2339991,388.8305279,519.9765212,664.7981156,352.051605
Napa County,1191.139786,1358.498293,980.5705408,1158.08057,1281.746151,1314.65081,913.9923134,1053.746789,820.8678903,1120.656533,1189.453599,1167.152338,168.5378037,970.7183402,991.5077459,102.2409943,220.118548,145.7243151,143.2090644,158.0141613,74.96306162,73.06909897,389.1960225,158.6475,304.9543972,121.9837531,481.6431242,874.0514486,484.8130808,474.9912441,350.1200043,74.83697699,285.8368659,601.6953439,268.2300504,62.50879321,235.6069061,141.1019885,202.7346629,369.3834943,308.5538481,267.4157362,0,160.6844597,674.8177112,152.0409458,209.7316748,777.3163581,86.01669784,237.5324019,681.6061972,788.6414786,106.4787429,111.8892366,385.1599027,121.5382639,486.3709218,153.5188322,251.7316763,196.0089195,343.033077,42.95474887,52.25796979,156.406075,79.80291125,180.2110309,247.4406076,402.8230721,213.0938032,542.4572199,41.50108365,120.0701599,369.081547,694.4635836,239.8595417,663.4533705,418.3146311,546.2445519,480.4008732,660.2580132,277.2096801,340.1435884,515.8430526,398.9123839,263.3590503,336.6639972,649.7429612,234.6113626
Nevada County,1087.025292,1293.147156,881.2650514,1079.064765,1206.19798,1232.196487,862.9687196,992.8313927,735.8927929,1019.982275,1136.373254,1102.045944,276.0986163,893.3794149,951.5777434,208.671615,112.7958958,95.49896095,82.21720648,125.1585674,126.9752342,184.3745553,387.0343108,60.491986,298.5058338,144.0346496,324.399627,848.3499225,423.9057669,474.9343786,368.3315183,171.7126824,158.7519616,609.6211711,248.6826533,220.3774628,206.1248947,230.1453739,233.8481945,255.2773238,225.269228,343.3143443,160.6844597,0,679.9011432,26.51704286,77.39009737,751.3467203,106.3371195,300.0239452,639.7957512,784.2033797,263.0101684,157.6316099,435.9658866,251.5862521,533.3100954,244.4692905,195.4372901,37.73427209,295.1083965,152.898385,205.2573431,193.9951078,85.48884846,155.2591533,249.8065731,383.4316551,158.2345755,568.1610542,119.4879998,49.40294357,217.0148856,611.1385142,109.3756453,503.658136,320.9802746,392.5729591,326.0111966,546.4871684,139.109608,221.4966762,402.7306915,238.2292178,108.3083112,185.5625476,504.8315075,89.65307038
Orange County,782.2975294,775.3746716,598.3468623,644.1138284,738.5315012,793.0393829,345.8586468,490.6871851,432.5248548,708.9188406,585.3113347,601.6463161,533.6093832,490.0795211,373.3225473,578.2952215,579.1009629,589.773265,748.1542671,560.4007457,730.2064972,603.5125093,1052.280595,619.5893405,383.1170985,777.2669699,860.3368249,235.7371141,322.7306097,205.2655181,324.9474191,748.7113795,823.0155689,73.15417654,431.6685269,661.0395144,474.0681027,815.6050207,473.580021,917.4971213,481.7581231,430.3921387,674.8177112,679.9011432,0,654.3204762,752.7738583,164.3036634,619.882062,443.7653553,196.8986929,117.9132528,654.090934,568.7888474,309.7709133,587.7490045,229.2856204,530.0355468,873.3959991,700.3095415,973.9922427,633.0566328,710.2067235,521.244067,691.8718231,819.0946887,907.6979314,298.2688496,521.8530747,146.2392057,668.160065,698.9140118,653.2714753,378.2736556,604.1790477,857.2182777,456.4508087,713.4154677,695.1732564,512.8702383,607.9349717,541.3393078,491.6110267,754.2002903,659.4757413,802.3496117,688.1986827,634.0085655
Placer County,1074.345922,1274.331088,867.4063876,1061.997094,1188.730256,1215.7973,841.9739291,973.1732194,719.2571023,1006.558784,1115.920941,1083.039459,254.1428365,875.8330197,929.5383181,188.4507908,93.83716361,69.03083413,101.1051761,98.64389459,131.3129869,166.0646099,409.1043331,34.79404905,272.4624532,156.4097017,341.3884843,824.9130005,402.7809072,449.2339921,341.8980855,174.7470459,184.6480315,583.8322424,222.8379268,208.7235543,180.3195616,237.8212205,207.6260582,281.4219466,205.1776124,318.0926002,152.0409458,26.51704286,654.3204762,0,103.8072693,727.7935429,86.60383376,274.4280942,617.4197118,759.2271374,250.0644007,134.1357408,409.567072,232.9951346,506.8081494,221.5422584,219.9026683,59.80054611,320.0554772,137.740834,200.066233,168.5418627,84.78137146,175.2976503,269.7478195,358.4074201,133.1694788,541.8096436,110.6296488,58.36651419,218.0555935,593.9236658,97.82988291,511.8795283,304.6651561,395.0455047,328.895784,534.9586416,131.8020999,208.89138,390.4290026,250.131784,111.3275446,206.7524123,502.8775882,84.76143773
Plumas County,1120.007289,1344.030796,918.3706834,1125.051055,1253.138628,1275.888983,921.1792391,1046.748598,781.6859519,1055.343826,1192.457405,1153.796438,346.9483699,941.2540386,1012.801176,277.2787984,176.1123773,172.8378544,75.66547452,202.3605081,151.2249735,250.2405299,332.0074171,136.4740087,373.4715356,141.5500969,276.493639,914.0607398,484.3046916,548.4456936,444.7198481,192.6874968,82.69527756,683.2862439,323.1736388,272.2230779,280.6883427,232.4637657,311.1917336,178.2046911,285.8487539,419.4291852,209.7316748,77.39009737,752.7738583,103.8072693,0,817.5726335,177.1611174,376.7041188,702.7129408,854.931446,316.1718114,232.015973,513.3533056,316.4899103,610.5453696,317.2327963,134.0228785,52.92279089,228.4191217,214.582719,243.6207884,270.6436475,130.3659053,120.7411012,207.377311,455.0260147,231.3918416,644.0555918,172.9195907,91.81737645,224.5808167,659.2589876,159.6952117,479.524654,369.9533415,387.8005307,322.1287281,579.0499734,176.3967549,264.3967145,439.4194057,210.9887053,127.090767,128.4363212,510.6657576,131.259088
Riverside County,623.9561738,618.750882,451.2199805,479.8175454,575.7282996,629.176508,181.5720535,327.4878183,302.0393399,551.9462937,432.0862977,440.0326606,655.2804386,330.5942491,221.6145424,688.6769423,641.7099212,670.1891891,827.2050634,642.9941665,822.9489388,710.1531587,1135.976671,693.4387473,472.8232696,866.8013744,873.9876026,97.34743498,339.7188115,307.7520671,434.4338996,848.1107891,878.4201265,214.7486321,514.5970601,774.2187014,554.1286906,917.7660657,575.3737571,967.478453,532.6047342,558.638467,777.3163581,751.3467203,164.3036634,727.7935429,817.5726335,0,710.7502205,562.0746618,126.433608,106.4437241,774.3853194,666.360219,446.7015153,706.6325855,382.2873599,644.7713535,946.6062947,764.7737325,1045.207331,734.420338,818.7021574,620.9213046,779.8110321,900.8675144,993.5615714,375.8767796,595.8342306,296.8124349,763.3109143,779.0992877,676.5413781,290.5604476,659.840915,826.0927646,473.6395776,695.1555065,692.3766721,446.2045519,654.2054437,574.6742298,472.8194052,775.9598424,708.2444891,843.3283019,640.1097801,689.6738765
Sacramento County,1106.279161,1281.280518,896.1285362,1077.369148,1201.951965,1233.398442,839.8665947,977.2147501,738.3949281,1036.164636,1115.371951,1089.731214,170.2600423,890.0639905,921.0198655,102.3679081,135.4801581,59.79629606,137.0784623,74.124244,112.2018407,79.57938552,432.4793673,79.36353062,239.3978758,157.5660836,427.9828157,808.0089238,405.7118716,415.8674068,296.8097613,141.4329565,259.7646514,547.4314724,196.2918483,130.475023,158.7964472,212.1119055,149.7442407,353.4634467,223.5030231,245.7405103,86.01669784,106.3371195,619.882062,86.60383376,177.1611174,710.7502205,0,205.755858,609.2513773,730.3699062,168.4621795,57.57850863,349.9060625,146.393017,450.3481136,140.1015349,263.8798052,143.880089,363.4000897,56.05624581,138.2630279,103.0443118,72.40300682,201.5603439,287.8365896,334.927737,129.258775,495.9213354,55.12894137,91.19310409,292.0540917,611.9400633,158.5874501,592.5401649,332.8473383,468.436327,403.6229757,574.3146412,196.4585071,254.6224904,429.8405743,335.0559773,191.6656858,291.8372818,567.1902123,158.6433842
San Benito County,1051.311555,1166.219318,839.4761907,984.146452,1101.457434,1141.999579,715.983756,862.0113427,665.7961357,977.2493347,987.8711732,977.4717728,93.44331555,799.5960835,782.1016037,136.5983002,250.702728,207.323414,342.7183506,180.9479626,302.8120438,164.4822017,625.6792758,246.6495294,128.6266048,352.0397316,591.3817437,656.3765382,328.7157025,254.333814,128.5135578,312.3560086,458.7582587,370.8443985,136.1471962,217.3333325,148.9723423,375.5878925,72.50729636,554.899494,243.5346315,46.07175288,237.5324019,300.0239452,443.7653553,274.4280942,376.7041188,562.0746618,205.755858,0,483.6064035,560.0841933,212.5333539,148.1792333,147.851193,145.0309466,249.2029196,86.59023039,468.8647136,333.489982,567.3524437,199.0385095,267.6438289,106.0671462,275.1189385,403.476285,482.2310699,210.4986165,185.5409947,306.4865657,241.03479,296.5851217,408.4961391,545.0044437,286.2292166,706.8853975,332.2615731,562.5159449,507.931557,563.179784,315.2644577,316.6073654,436.0669087,485.1716216,342.8394525,474.822467,625.0960913,306.102486
San Bernardino County,611.2566973,682.8686802,414.0876647,507.0944012,619.7489518,663.9740672,233.4697822,378.4056113,240.5332436,536.1777274,508.2231625,493.8822874,576.5441024,330.2335919,312.4727439,600.120865,528.2059577,563.9757638,718.0614494,538.4285145,720.7382923,618.4627106,1026.515306,583.7474956,378.0322857,762.3280926,747.9724517,215.8584156,219.3594149,238.1185982,355.7716112,749.4228845,759.9799659,204.275446,413.9501603,685.9613709,450.5604449,819.9267776,484.0253486,847.0522974,416.8743203,489.2235104,681.6061972,639.7957512,196.8986929,617.4197118,702.7129408,126.433608,609.2513773,483.6064035,0,211.1443699,691.7357833,569.7192432,392.4099746,624.2366306,354.5439072,560.6360722,833.8909764,650.3190163,931.0832354,638.7422673,726.3283847,526.7655529,675.6060663,792.2208048,886.0535469,280.3271616,488.1140508,275.7774784,663.3406442,671.057663,552.1323793,184.1900801,543.5386159,702.5011728,349.9199171,569.4378073,565.9430661,330.6700266,535.0268937,453.0539209,346.5576957,650.933291,589.2098786,721.3446484,519.6922686,572.988215
San Diego County,719.4109394,669.9603839,554.7300474,560.0537484,643.3892659,701.7802092,265.9493376,399.6114525,408.4816216,649.1644078,478.2313222,504.7387235,650.6781371,427.0120898,268.9321314,693.5801194,679.3996511,696.7566835,855.42212,667.9427885,841.6510876,718.0773724,1161.830792,724.4390098,491.5134708,887.9322025,939.9051424,132.4547146,397.6005906,314.6370151,438.60253,861.9783739,921.7527587,189.5658666,538.2811401,777.0628838,580.0818232,929.685449,586.3893602,1014.335886,576.1976656,547.978016,788.6414786,784.2033797,117.9132528,759.2271374,854.931446,106.4437241,730.3699062,560.0841933,211.1443699,0,771.1818722,680.9613209,427.672877,704.5431866,345.3923433,646.0134644,979.0820142,802.0891362,1079.250597,746.4735555,825.443739,633.7544286,801.7742304,927.4973481,1017.611854,400.8199328,626.0762569,263.7942136,780.0696101,806.3649616,736.4800527,389.6938311,701.8280426,911.3927374,534.4289889,774.5763665,765.0268409,541.2575172,701.5775661,628.4330948,550.302339,837.3261868,754.5794283,894.8136135,730.6307925,731.8689148
San Francisco County,1236.097293,1374.426883,1023.980111,1185.249816,1305.404082,1342.956556,925.0422618,1069.505722,856.5500306,1163.657578,1198.367826,1184.54239,120.5040646,998.8323457,993.9001445,98.93305731,299.6540218,222.8663949,248.749069,222.4924069,175.5039081,97.2969383,456.4714571,247.8248257,317.6415639,215.5890812,586.5330719,868.8944126,515.3236407,466.6539963,340.0702549,154.0865538,391.9340046,581.628932,295.3285015,43.97284858,275.1751027,192.9340876,212.2536451,473.2344978,365.7092882,224.9225784,106.4787429,263.0101684,654.090934,250.0644007,316.1718114,774.3853194,168.4621795,212.5333539,691.7357833,771.1818722,0,156.2834043,347.985386,67.81173647,444.966314,131.1031361,347.8574692,299.6739937,431.4126095,113.0121671,89.21146275,179.6144478,185.9772317,275.5734302,324.8292232,412.6987908,271.2096771,512.9159731,144.7725422,225.8465702,460.4108015,731.6806483,326.0816192,760.6423913,474.7071621,636.4033692,571.9133951,718.7566444,363.9448956,413.1701716,577.6562133,500.0454997,359.3423989,442.6809959,731.199689,327.0532813
San Joaquin County,1087.670915,1247.082689,876.1866842,1048.42558,1171.427879,1205.364402,802.1358932,942.2121696,713.2405793,1016.235667,1077.58002,1055.83026,121.3603608,861.1286142,879.806557,64.72650395,149.6105936,78.22210085,194.5840925,68.10932159,161.6810568,59.60590181,485.3615436,114.3981337,193.5841005,209.6866748,470.6312223,763.2921472,374.8500078,366.4401956,244.1709664,181.9017657,314.6850648,495.9420945,156.5364298,129.7943541,126.2139526,251.4250841,95.49381271,409.4870034,210.2570501,188.5006222,111.8892366,157.6316099,568.7888474,134.1357408,232.015973,666.360219,57.57850863,148.1792333,569.7192432,680.9613209,156.2834043,0,292.9039469,112.7273372,393.6524841,87.55678109,321.1047917,193.8177146,420.2395469,69.09926227,158.6653715,47.73086284,128.0836531,257.3677112,340.7540348,291.2310921,115.003277,441.5790774,99.39256218,148.5935553,315.9343605,587.1239775,180.639044,620.1549846,320.0059492,488.2742,425.7934653,564.1142712,217.32644,257.7103801,422.0009338,372.0298821,225.7205414,340.6315819,577.02741,189.5513759
San Luis Obispo County,992.8292325,1063.261417,785.447186,899.3433026,1009.4495,1055.802581,615.0119825,763.7614988,606.9462091,917.5835205,878.5951706,879.1037502,228.7416948,721.4924578,668.1747497,283.5345701,364.4735543,340.5642932,486.7463331,311.3636751,450.4369024,312.0936615,773.5294732,378.1839351,168.7473534,499.5938696,699.4659902,535.8034702,303.5208739,155.8425908,95.36494406,459.9229748,593.5352692,239.3874826,212.3013298,360.3690916,247.5968446,521.9467315,202.722752,690.6653168,314.4019292,123.1351289,385.1599027,435.9658866,309.7709133,409.567072,513.3533056,446.7015153,349.9060625,147.851193,392.4099746,427.672877,347.985386,292.9039469,0,283.8442564,101.3615099,232.5172414,613.7820155,466.1421199,713.1405974,346.8764885,412.7621657,247.119253,420.9258838,549.9855549,629.9979976,177.1502027,296.2749444,165.5449021,388.3996762,439.1903238,500.2900597,498.5717629,398.3836328,779.1469718,366.064603,628.9436793,584.4168646,558.133002,419.2829819,392.1729986,456.9387204,589.7287914,457.9942471,598.7107654,663.959883,423.5160786
San Mateo County,1173.769677,1307.024871,961.5161767,1119.177256,1238.782079,1276.962058,857.4662039,1002.187023,792.463684,1100.883162,1130.635273,1117.312728,55.14434511,933.0659838,926.089338,48.0289788,262.3343375,189.1640222,259.1231002,180.5763072,196.3922819,67.2117353,503.4047729,221.5432474,251.6725893,243.2945987,574.3743052,801.2545032,451.2263355,398.9254737,272.2755188,189.6722722,397.1881746,515.073305,232.9707614,78.12497472,217.6000969,242.9913911,147.8596149,485.7393266,312.7401263,160.9054306,121.5382639,251.5862521,587.7490045,232.9951346,316.4899103,706.6325855,146.393017,145.0309466,624.2366306,704.5431866,67.81173647,112.7273372,283.8442564,0,382.5946777,63.95851193,373.1151167,289.3200288,464.2584707,102.1059419,132.7064895,121.8719951,189.499201,301.7448859,365.1856483,345.6979699,222.182896,447.7938969,146.5280189,224.9255415,428.3788969,668.2613479,292.9003969,732.2888977,419.4457438,600.9790698,538.4840618,662.4329867,329.882063,367.7095331,523.7597995,480.1099158,334.836381,436.8961307,687.7025299,299.6846761
Santa Barbara County,965.5384143,1000.612719,764.619237,852.8066853,956.0269328,1006.584313,559.5488454,707.9798578,586.8139908,890.3515883,812.1517021,821.7808382,327.4885774,683.1098864,600.0812316,384.5580486,454.7123521,437.8315534,586.8595388,408.187662,551.7674817,413.3202902,874.8812477,474.4678172,249.7253063,600.9031992,782.1167213,463.7238706,327.9524083,149.5693874,171.9413575,561.0859037,689.5873993,167.5394283,298.3450817,459.8965259,337.4445494,622.4939404,301.8628517,786.8125559,389.9500476,221.8779036,486.3709218,533.3100954,229.2856204,506.8081494,610.5453696,382.2873599,450.3481136,249.2029196,354.5439072,345.3923433,444.966314,393.6524841,101.3615099,382.5946777,0,333.4039654,714.0845586,562.0348738,813.7405159,448.2355451,512.9118716,347.3457874,521.7351945,650.9413687,731.3537188,220.0252425,387.5037162,85.48350014,489.6766738,538.9006593,577.918317,492.301268,487.2218944,841.5507243,420.2784403,690.6179168,652.4718347,578.6696961,504.3323546,465.6624392,498.3792245,671.8801372,546.918238,689.8702695,708.9574949,513.9350705
Santa Clara County,1111.361072,1243.330309,899.0864785,1055.253884,1174.826206,1213.048499,793.9623666,938.4296889,729.2369433,1038.247372,1067.454329,1053.503763,36.392004,869.2055042,863.5933394,51.29696121,227.6284149,163.6345284,272.0014443,146.0729401,222.7895531,81.02378917,542.7100107,201.3475995,187.876673,271.987837,557.3080866,739.9124356,388.1573368,337.4206131,210.4399582,227.9207067,399.8621059,457.0223373,171.8650672,131.0515913,161.7753889,289.5360559,85.7593574,493.2734299,259.8878079,114.0526593,153.5188322,244.4692905,530.0355468,221.5422584,317.2327963,644.7713535,140.1015349,86.59023039,560.6360722,646.0134644,131.1031361,87.55678109,232.5172414,63.95851193,333.4039654,0,394.7798138,281.0809715,490.9710886,118.4009529,181.0968013,71.65440907,201.8680087,326.4654567,400.4578202,281.7800671,176.1535012,393.0147888,163.2728019,229.8756986,394.380722,605.4185561,261.3063568,698.6471206,363.3151669,561.7053888,501.6477835,604.5094268,296.1034164,321.4886859,468.2580026,456.9642764,310.622254,428.1627165,640.5564293,273.8626338
Shasta County,1249.169836,1478.03422,1049.573793,1258.556008,1386.766411,1408.853455,1054.326,1180.673997,915.3105819,1185.66592,1326.131677,1287.819303,416.7733284,1075.083111,1144.924568,346.3756056,305.6916256,283.80485,127.3548974,313.4670033,176.771324,316.0077249,198.2095777,254.6706197,490.5278058,132.3056877,335.976424,1043.518633,616.4345758,668.142213,556.197649,194.6809153,119.1741341,802.344184,441.7555175,307.1765423,399.4671317,189.6698731,412.5833109,144.4556072,417.4292769,506.6167764,251.7316763,195.4372901,873.3959991,219.9026683,134.0228785,946.6062947,263.8798052,468.8647136,833.8909764,979.0820142,347.8574692,321.1047917,613.7820155,373.1151167,714.0845586,394.7798138,0,184.4820612,100.7273055,277.3843871,259.7866543,366.7599144,193.9120867,72.32250965,91.13892457,578.2744486,353.0691663,756.5324935,231.7020522,176.0967791,348.7772644,793.1962147,292.8546858,563.4726728,503.9689859,496.5257614,434.123413,709.3674086,310.3279585,398.3416303,571.7085204,308.8591983,259.819394,200.6167989,625.502674,265.0316335
Sierra County,1078.235024,1295.00918,874.607985,1077.739084,1205.508735,1229.525821,869.8472153,996.6614396,734.2579924,1012.444724,1141.76672,1104.43444,313.2142918,893.1575216,960.7988868,246.247216,123.2032369,126.5394682,93.02408505,154.9350082,153.9895981,222.1082953,381.202669,87.99637354,322.1530278,161.0941017,287.1150063,861.3228336,432.2487111,496.2480622,394.5817649,198.6985658,127.5553332,631.0864386,271.6734609,256.6693614,229.3515465,251.1012871,265.4569244,224.7805833,233.4699965,377.5076434,196.0089195,37.73427209,700.3095415,59.80054611,52.92279089,764.7737325,143.880089,333.489982,650.3190163,802.0891362,299.6739937,193.8177146,466.1421199,289.3200288,562.0348738,281.0809715,184.4820612,0,280.7933031,190.3841183,238.2624994,227.8801804,118.1375041,158.2534532,250.5512056,402.3839654,179.5766013,593.1856077,155.3491206,78.43531186,193.6073524,610.8678002,108.451559,471.2714144,320.7314973,365.8643622,299.2575552,536.9358721,129.5938019,216.709139,395.1144761,203.8903021,86.93883782,147.9588003,482.5799467,81.58252426
Siskiyou County,1326.164902,1567.763797,1130.676082,1345.269757,1473.889325,1493.581034,1149.028138,1272.74307,1002.955866,1264.809232,1419.371656,1378.372247,510.778787,1163.52971,1241.175013,441.4129137,403.5446849,384.5100349,227.7110035,414.1905949,269.1747123,410.9365117,123.6717741,354.8495045,591.2103445,221.0501407,367.4240496,1141.912957,712.7139935,768.7557279,656.8283255,277.818868,186.2326582,903.0227338,542.3261895,393.6230017,499.9780844,251.720123,512.6412862,150.9332967,514.2096545,603.8980866,343.033077,295.1083965,973.9922427,320.0554772,228.4191217,1045.207331,363.4000897,567.3524437,931.0832354,1079.250597,431.4126095,420.2395469,713.1405974,464.2584707,813.7405159,490.9710886,100.7273055,280.7933031,0,372.7028899,342.204111,466.4336843,292.3260871,164.5071583,115.323444,678.4365509,453.1766989,857.1270459,327.8119779,276.6786882,426.5665772,882.7782114,388.0092627,601.2354329,595.8473807,556.573121,498.7020118,790.0532685,401.7010837,489.1971503,656.73176,368.7593717,348.9862231,258.4069944,688.6594983,359.1332325
Solano County,1152.441885,1316.089007,941.4415158,1116.614835,1239.952808,1273.371479,871.2260575,1011.256133,780.3035078,1081.540009,1146.658677,1124.800285,139.6473494,929.2724972,948.5574996,68.99146994,190.5958176,113.8122925,158.2478221,120.740111,104.4920711,38.68178287,426.6676099,135.15867,262.001211,153.7657754,477.2827875,831.1894501,443.1187211,432.5365975,308.1642146,115.6581228,295.0822435,559.9798224,225.6068628,74.46059286,193.9463452,183.659783,160.2177638,384.1689029,270.9964194,232.0712278,42.95474887,152.898385,633.0566328,137.740834,214.582719,734.420338,56.05624581,199.0385095,638.7422673,746.4735555,113.0121671,69.09926227,346.8764885,102.1059419,448.2355451,118.4009529,277.3843871,190.3841183,372.7028899,0,90.63030076,113.5630572,87.91953032,208.2364148,283.2667533,359.8694418,174.8473209,502.0388489,45.96737539,122.8819905,347.9747268,653.9940271,214.6203207,647.6304572,381.1407447,524.4685282,459.5699873,624.3000927,252.499632,308.2961897,480.5583891,387.8581281,246.3399933,336.7437767,622.7346285,214.1950881
Sonoma County,1242.543217,1405.307335,1031.738327,1207.004913,1330.093241,1363.849871,959.3257149,1100.315862,870.9337934,1171.836615,1234.529104,1214.16466,186.5884646,1019.68341,1034.714562,131.9154615,272.1048529,197.9821814,170.7271733,209.6498343,93.9155417,108.5533709,371.5893994,209.6996552,348.4330785,128.0668737,519.4520307,914.9494377,533.4411652,513.7333982,387.3576628,65.21730114,313.4967503,637.0840605,314.8259199,54.93359277,284.4124015,110.3239568,243.4984972,389.4050048,360.2806524,291.2085114,52.25796979,205.2573431,710.2067235,200.066233,243.6207884,818.7021574,138.2630279,267.6438289,726.3283847,825.443739,89.21146275,158.6653715,412.7621657,132.7064895,512.9118716,181.0968013,259.7866543,238.2624994,342.204111,90.63030076,0,199.5653015,120.2147068,187.755927,236.575814,446.4066514,264.4998352,574.1100521,90.59632101,159.9996424,418.0672385,744.6218128,290.8631471,708.8517537,470.194745,595.1096306,528.9446772,712.4128021,327.9069256,392.30256,568.0564093,442.1526036,311.0284562,372.0432611,700.626291,284.0096258
Stanislaus County,1056.73499,1206.280104,844.7107119,1010.838413,1132.776435,1168.181996,759.783667,901.1953277,678.6557597,984.5094854,1034.963883,1015.326018,107.8551066,823.7963549,835.6315278,80.68721771,158.076541,102.6483708,239.6338103,79.23442999,209.404631,92.39213332,533.0660561,142.05766,149.0076755,257.3848255,493.6216383,717.6460404,338.1261154,319.4108834,196.5008799,228.4157249,352.7071064,448.3477478,117.4392996,162.5220162,96.07173348,297.1811489,47.77235729,448.8442905,191.173549,149.6294907,156.406075,193.9951078,521.244067,168.5418627,270.6436475,620.9213046,103.0443118,106.0671462,526.7655529,633.7544286,179.6144478,47.73086284,247.119253,121.8719951,347.3457874,71.65440907,366.7599144,227.8801804,466.4336843,113.5630572,199.5653015,0,174.9331611,304.3112933,388.4387418,247.0117067,104.5317324,393.9433716,147.0612529,192.2153665,323.9549506,553.2053723,192.6471978,627.8361674,297.6097603,490.1304788,430.3980209,540.8816384,226.2150391,250.129702,401.8910003,390.5770505,245.0713147,371.1254268,569.6318139,208.0101091
Sutter County,1154.133531,1342.706173,945.8514277,1134.719336,1260.452761,1289.716818,904.5232662,1039.641855,793.4045949,1085.459881,1179.712996,1151.140461,226.5873962,947.7992688,987.9300197,155.5225048,171.3752465,112.4145029,70.5744024,137.2420768,48.6589007,126.0291344,360.4108417,104.9722165,310.3401491,86.99827711,402.1123074,877.1470451,467.2721668,487.5058992,369.1837396,90.26633122,208.560711,619.5427427,265.4332674,142.1021635,225.8320894,156.1131808,222.0118682,296.3154469,275.9476361,312.784203,79.80291125,85.48884846,691.8718231,84.78137146,130.3659053,779.8110321,72.40300682,275.1189385,675.6060663,801.7742304,185.9772317,128.0836531,420.9258838,189.499201,521.7351945,201.8680087,193.9120867,118.1375041,292.3260871,87.91953032,120.2147068,174.9331611,0,129.3797018,215.9011567,404.5408104,188.726653,568.3008037,43.21642046,40.47910082,301.2241682,667.2812764,181.6882561,588.7232661,381.2735547,477.532521,411.0602289,616.5119776,216.5090294,290.7761366,471.6014925,322.002941,192.9388149,256.8650349,587.4125792,169.3452302
Tehama County,1236.463059,1448.403473,1032.738426,1233.725739,1361.068634,1386.33741,1017.270645,1147.974512,890.3725277,1170.680464,1291.129164,1257.303364,346.7762827,1048.330191,1104.51844,277.039782,267.8450032,231.204569,74.23128972,259.5989786,105.460331,246.5665316,235.1469857,208.4934605,436.2920197,59.99170016,373.8575349,998.1501567,578.0766222,614.134931,497.8355504,122.8580037,150.904759,747.1456687,389.3296295,234.8770484,348.0072265,129.0464421,351.2986954,206.8979572,380.0993953,439.4665636,180.2110309,155.2591533,819.0946887,175.2976503,120.7411012,900.8675144,201.5603439,403.476285,792.2208048,927.4973481,275.5734302,257.3677112,549.9855549,301.7448859,650.9413687,326.4654567,72.32250965,158.2534532,164.5071583,208.2364148,187.755927,304.3112933,129.3797018,0,94.58971269,527.9189804,305.0789124,697.3913813,163.3273386,121.787232,345.0631033,766.0077022,262.7957298,591.3353122,475.6430584,507.4663234,442.2282767,695.1569114,287.6019519,373.8234069,553.2664139,326.115627,243.669414,227.7769545,631.3312472,238.6960159
Trinity County,1327.241418,1542.908515,1124.794156,1327.681806,1455.174412,1479.9152,1111.68066,1242.564058,984.25007,1262.218263,1385.656274,1351.843651,415.4407285,1142.5187,1198.452787,349.3772913,362.4341034,323.3723983,168.6451726,350.9072857,179.7584407,319.4513154,144.6915712,302.5995435,526.1120952,131.0769572,426.7092818,1090.89398,672.5025417,703.4064187,584.319718,175.5135725,209.6474129,835.2672729,480.382917,290.393484,439.7377508,138.0090961,436.1090621,226.5493278,474.6750129,514.5091579,247.4406076,249.8065731,907.6979314,269.7478195,207.377311,993.5615714,287.8365896,482.2310699,886.0535469,1017.611854,324.8292232,340.7540348,629.9979976,365.1856483,731.3537188,400.4578202,91.13892457,250.5512056,115.323444,283.2667533,236.575814,388.4387418,215.9011567,94.58971269,0,619.4040973,398.2751578,782.317593,242.1934289,215.0053972,430.5895732,860.1656787,356.7342487,654.5982064,569.7560677,584.7582089,521.2877162,786.1080208,380.1261325,467.0917847,645.3743695,398.1891963,333.8363216,291.2018908,712.2763573,331.8142401
Tulare County,842.7404588,962.0735189,631.557391,774.5113833,893.2140822,932.378597,513.7361199,657.0123803,456.267501,768.3008356,788.4691521,771.9074573,300.7974239,589.3715106,588.7029036,319.8614326,280.8329609,296.7341715,455.1867196,268.540849,447.1284922,338.2824311,762.8789864,323.6201954,98.00458424,491.4411832,578.6578756,473.0977161,128.7050998,98.20685978,94.49447857,472.5749261,524.7682641,230.864997,139.1172133,405.6613367,179.9122901,542.5517496,203.6989225,619.5152381,187.7718014,227.3187553,402.8230721,383.4316551,298.2688496,358.4074201,455.0260147,375.8767796,334.927737,210.4986165,280.3271616,400.8199328,412.6987908,291.2310921,177.1502027,345.6979699,220.0252425,281.7800671,578.2744486,402.3839654,678.4365509,359.8694418,446.4066514,247.0117067,404.5408104,527.9189804,619.4040973,0,225.2598568,210.3851263,387.4784162,406.3423744,370.7139631,337.9238843,306.4028137,621.9379558,200.2818734,471.0777562,435.5171248,381.6778703,312.765327,256.4265266,282.326209,469.3390636,362.8068837,506.7830296,491.7712847,336.0858457
Tuolumne County,978.0821556,1154.331049,767.4859947,948.5285847,1073.485766,1104.354271,715.9722107,850.9955691,609.1496662,907.5681071,991.0547139,962.7495862,212.2102,761.2924224,800.5867864,176.0393718,68.31541816,76.32810395,231.383387,55.24878,235.662737,174.5251623,540.1481626,98.40139124,142.7988816,274.7404111,408.0036912,693.0945941,278.6459325,317.1560518,217.11813,269.7262493,305.5822334,451.9729415,92.21138581,243.5926363,50.4004414,340.0368959,113.6120514,402.3096506,96.23017959,231.4542373,213.0938032,158.2345755,521.8530747,133.1694788,231.3918416,595.8342306,129.258775,185.5409947,488.1140508,626.0762569,271.2096771,115.003277,296.2749444,222.182896,387.5037162,176.1535012,353.0691663,179.5766013,453.1766989,174.8473209,264.4998352,104.5317324,188.726653,305.0789124,398.2751578,225.2598568,0,414.0477551,184.1351167,183.3860168,223.9469786,482.6977204,103.0273145,525.8278522,206.4076113,386.1313078,327.4953771,450.0732827,129.7655992,145.963068,307.2517859,300.3985382,162.1158122,302.7428327,465.9057771,127.2411446
Ventura County,886.7139203,915.1576501,689.059568,768.8139542,870.937583,921.9986721,474.5452756,622.7947094,512.8072235,811.7497517,726.8771901,736.4231981,392.9591739,601.4684238,514.864285,442.9016636,477.7395916,474.1407338,629.4552743,444.1752469,602.8856217,469.8535555,926.8692197,507.8772943,271.2575015,651.2410578,788.7667873,378.9242023,290.7568676,115.8579908,200.3867713,617.1574637,719.6299038,82.06521088,321.8660406,523.0728377,363.9043875,681.8184024,346.4156983,816.2713194,396.2082,288.0630924,542.4572199,568.1610542,146.2392057,541.8096436,644.0555918,296.8124349,495.9213354,306.4865657,275.7774784,263.7942136,512.9159731,441.5790774,165.5449021,447.7938969,85.48350014,393.0147888,756.5324935,593.1856077,857.1270459,502.0388489,574.1100521,393.9433716,568.3008037,697.3913813,782.317593,210.3851263,414.0477551,0,540.370506,580.4542791,581.0199155,426.9835873,507.3130329,823.979749,403.5063887,674.1688817,643.2757498,529.271057,518.5859441,466.7591243,467.3908462,679.1722515,565.9005796,710.426898,676.7028789,535.9006498
Yolo County,1159.96335,1336.296609,950.1713354,1132.458551,1257.078475,1288.433038,894.3982126,1032.140308,793.2611935,1090.151629,1169.934961,1144.758285,185.6019194,945.1628998,974.7643662,114.8073402,182.8274983,111.6882969,112.6963444,129.1568462,62.51785749,84.6296335,386.5549039,119.2624604,290.8192616,111.2932227,441.8340363,860.457814,460.8054378,465.45683,343.5535263,86.43939223,251.7501295,595.3306559,249.6677099,101.3960946,213.322853,157.1547311,194.8301333,339.2145551,277.4764352,276.1582406,41.50108365,119.4879998,668.160065,110.6296488,172.9195907,763.3109143,55.12894137,241.03479,663.3406442,780.0696101,144.7725422,99.39256218,388.3996762,146.5280189,489.6766738,163.2728019,231.7020522,155.3491206,327.8119779,45.96737539,90.59632101,147.0612529,43.21642046,163.3273386,242.1934289,387.4784162,184.1351167,540.370506,0,81.48641319,328.0698491,666.815282,200.3359277,621.955896,386.1497423,505.2184817,439.2573181,626.1918298,237.3133128,303.4821561,481.3718742,357.6788853,221.9567711,298.1531343,610.0353974,193.7336757
Yuba County,1132.527817,1331.444659,925.7440366,1119.963424,1246.541448,1273.944243,897.3063812,1029.735584,777.383015,1064.856452,1171.741872,1140.054928,257.6437853,933.6457138,983.4760181,187.126508,151.8870517,109.6418835,49.25877821,138.5624542,77.63213428,159.1878636,356.9336717,88.3090135,315.8020424,98.04574151,361.6611195,876.3911825,458.3445837,493.7135499,380.1511837,122.4439487,172.4302713,627.3804297,268.0851897,182.1067614,226.4594358,181.3436025,237.0615197,263.6566913,262.1382039,336.9326176,120.0701599,49.40294357,698.9140118,58.36651419,91.81737645,779.0992877,91.19310409,296.5851217,671.057663,806.3649616,225.8465702,148.5935553,439.1903238,224.9255415,538.9006593,229.8756986,176.0967791,78.43531186,276.6786882,122.8819905,159.9996424,192.2153665,40.47910082,121.787232,215.0053972,406.3423744,183.3860168,580.4542791,81.48641319,0,266.2930296,651.9065062,155.1633995,549.6569287,362.9453544,441.4126134,374.8010606,592.7958544,187.1706139,266.8775235,448.4486103,282.2360443,157.5628589,216.8357871,554.2344435,138.1928605
Churchill County,900.9838805,1147.939576,704.1101903,921.4962836,1050.359361,1067.959016,747.7924274,859.8482367,581.6309564,838.58322,1009.354126,960.8666951,430.7433972,742.7361551,847.2992878,380.3828491,167.0568134,239.6902429,286.300377,249.436024,343.9251201,366.9552539,543.6431887,212.8275159,331.8331293,354.6869418,208.2777322,767.8962561,339.3464858,467.8320265,408.6914078,388.7144767,240.3403114,593.9267646,289.428176,422.0308069,261.5701728,444.5260499,337.3364066,308.5204308,187.9700006,453.9761103,369.081547,217.0148856,653.2714753,218.0555935,224.5808167,676.5413781,292.0540917,408.4961391,552.1323793,736.4800527,460.4108015,315.9343605,500.2900597,428.3788969,577.918317,394.380722,348.7772644,193.6073524,426.5665772,347.9747268,418.0672385,323.9549506,301.2241682,345.0631033,430.5895732,370.7139631,223.9469786,581.0199155,328.0698491,266.2930296,0,466.7800648,135.5299333,304.4916461,203.1101844,177.1633203,111.6147375,363.5083736,98.68093371,114.2947443,234.6215255,101.0510856,108.7301719,178.3800921,288.9760883,134.5218877
Clark County,506.5425651,685.0644944,294.4983963,468.0734355,595.0705209,622.4424672,290.4189542,393.0695201,126.4567446,432.9547397,542.8278461,495.7394865,630.3159131,282.3594267,395.6639675,633.3799335,500.0951804,556.7531771,693.3037571,537.8364387,715.6092653,643.9096154,991.2629728,564.5671252,419.3061978,749.3252912,637.2993361,354.251378,217.4076802,348.7675629,431.4130788,751.9942013,699.8401882,370.6775906,436.3812175,714.9931704,460.9470261,821.8254664,520.4039903,775.0873648,391.3336562,565.1675847,694.4635836,611.1385142,378.2736556,593.9236658,659.2589876,290.5604476,611.9400633,545.0044437,184.1900801,389.6938311,731.6806483,587.1239775,498.5717629,668.2613479,492.301268,605.4185561,793.1962147,610.8678002,882.7782114,653.9940271,744.6218128,553.2053723,667.2812764,766.0077022,860.1656787,337.9238843,482.6977204,426.9835873,666.815282,651.9065062,466.7800648,0,503.4649184,548.6254506,290.4116274,432.716819,446.8209425,158.5030334,482.8739233,394.8638339,233.1598189,555.3057582,534.1756709,645.0215745,356.4046338,529.298594
Douglas County,977.8247653,1186.99648,771.8894078,970.9768058,1098.441997,1123.574966,761.5803433,888.2629429,627.5880652,910.6334855,1033.320798,996.2744774,297.4607587,785.8243362,853.1663455,244.9307157,35.5266527,104.2169288,191.2416974,115.2915412,229.0181398,231.6533744,489.5745953,81.2200428,238.4498568,252.6428254,305.4363756,755.8958504,324.7640248,403.2903241,315.5027071,271.9520294,219.944843,537.2172311,188.9121113,289.0617738,150.8091468,335.6424023,213.7226874,313.3388867,127.2361816,332.3008832,239.8595417,109.3756453,604.1790477,97.82988291,159.6952117,659.840915,158.5874501,286.2292166,543.5386159,701.8280426,326.0816192,180.639044,398.3836328,292.9003969,487.2218944,261.3063568,292.8546858,108.451559,388.0092627,214.6203207,290.8631471,192.6471978,181.6882561,262.7957298,356.7342487,306.4028137,103.0273145,507.3130329,200.3359277,155.1633995,135.5299333,503.4649184,0,439.5183329,213.0599407,310.3480626,246.3421806,437.6793347,37.89275349,112.1424381,293.5511466,199.1298541,59.7397805,203.4136604,409.8854678,30.04773232
Elko County,819.0269611,1147.433064,667.5118406,910.0041794,1033.493191,1031.299367,832.422093,902.7446552,618.9528403,775.3751827,1051.286131,980.0554773,735.0324624,763.609488,939.1101053,684.3805252,471.5469394,543.1727917,553.9455426,553.9246596,624.368074,669.5817605,724.0898625,513.3903831,612.7694893,621.074563,233.8809595,900.714379,539.2615424,708.4886907,683.9625585,668.4786261,445.8189365,813.458831,578.4835819,720.3463623,557.9486717,711.8367051,637.7034334,450.6099023,468.9024802,751.2429409,663.4533705,503.658136,857.2182777,511.8795283,479.524654,826.0927646,592.5401649,706.8853975,702.5011728,911.3927374,760.6423913,620.1549846,779.1469718,732.2888977,841.5507243,698.6471206,563.4726728,471.2714144,601.2354329,647.6304572,708.8517537,627.8361674,588.7232661,591.3353122,654.5982064,621.9379558,525.8278522,823.979749,621.955896,549.6569287,304.4916461,548.6254506,439.5183329,0,421.9933975,150.9420165,198.9561815,392.1584624,403.1450109,391.9403072,365.6105915,268.9857947,401.3552974,364.8881728,195.356452,434.0554264
Esmeralda County,773.8804218,974.3058638,564.7131129,758.1224841,885.4359614,911.3076399,554.9559003,677.0246094,414.9159748,704.4903243,823.5943895,783.8798805,395.7160005,572.7694589,650.8909555,376.749838,211.1918757,274.4674045,403.1939028,260.6241804,429.9231097,379.5214109,701.6772437,276.8986146,211.7601101,460.8443856,405.7431522,565.773454,136.8284143,287.6594786,271.3982603,468.7858775,416.6537009,402.3658262,197.229299,449.5511651,202.0405806,537.2037084,280.289891,499.5012305,110.1777921,369.0600708,418.3146311,320.9802746,456.4508087,304.6651561,369.9533415,473.6395776,332.8473383,332.2615731,349.9199171,534.4289889,474.7071621,320.0059492,366.064603,419.4457438,420.2784403,363.3151669,503.9689859,320.7314973,595.8473807,381.1407447,470.194745,297.6097603,381.2735547,475.6430584,569.7560677,200.2818734,206.4076113,403.5063887,386.1497423,362.9453544,203.1101844,290.4116274,213.0599407,421.9933975,0,271.3610519,241.2528944,244.1440754,194.1861551,106.8972706,105.0677443,303.3517321,247.1330211,372.1473363,299.2797875,239.2617095
Eureka County,785.0615151,1076.829503,606.8807123,841.8068359,969.3495384,976.6549845,722.7659363,810.4642249,522.859281,730.6909237,961.2510323,898.898252,597.982732,678.2646753,828.3626624,553.0004639,338.7789601,414.2025925,456.4181299,420.4752193,518.8359801,541.701816,679.4672482,389.5042717,463.5079861,525.2672283,223.0529112,775.6820903,392.4494364,558.4788902,533.6528368,563.7106892,378.37895,666.5922669,431.2922014,598.7265697,413.8022771,616.250425,495.2657085,415.114394,321.2791802,605.9664611,546.2445519,392.5729591,713.4154677,395.0455047,387.8005307,695.1555065,468.436327,562.5159449,569.4378073,774.5763665,636.4033692,488.2742,628.9436793,600.9790698,690.6179168,561.7053888,496.5257614,365.8643622,556.573121,524.4685282,595.1096306,490.1304788,477.532521,507.4663234,584.7582089,471.0777562,386.1313078,674.1688817,505.2184817,441.4126134,177.1633203,432.716819,310.3480626,150.9420165,271.3610519,0,66.63680071,287.7321405,272.5325919,245.9230045,224.2976831,188.6155114,284.5979119,299.2873907,132.8207653,311.6624351
Lander County,833.0203491,1109.321619,647.1930364,876.724374,1005.172174,1016.246134,736.6307809,833.981758,547.814961,775.5528228,984.9203181,927.4798867,538.0269879,706.6974809,840.5669178,490.4553582,276.220778,350.5276581,390.02636,358.4703241,452.2061125,477.9955542,620.6470621,324.4340179,416.5885342,458.876183,190.8153714,777.5414431,372.4987393,527.5353613,489.8466287,497.0806494,317.1724213,643.3098716,380.3789443,533.6454778,359.0058778,549.7814953,438.8627154,361.9859385,271.4688926,552.3477088,480.4008732,326.0111966,695.1732564,328.895784,322.1287281,692.3766721,403.6229757,507.931557,565.9430661,765.0268409,571.9133951,425.7934653,584.4168646,538.4840618,652.4718347,501.6477835,434.123413,299.2575552,498.7020118,459.5699873,528.9446772,430.3980209,411.0602289,442.2282767,521.2877162,435.5171248,327.4953771,643.2757498,439.2573181,374.8010606,111.6147375,446.8209425,246.3421806,198.9561815,241.2528944,66.63680071,0,315.1344787,208.8094091,193.8547109,221.0238173,130.3628077,218.1660196,240.3031617,191.4101353,246.0234265
Lincoln County,541.3070081,794.2245103,340.6612065,562.5198869,691.2592442,705.5649386,440.7640604,522.7331299,235.1352266,476.3779564,673.5420399,612.8636619,635.3405824,391.9880005,547.3501465,620.5607946,445.3624487,514.9602715,627.0782656,503.5621375,664.8770352,623.6523502,906.1103451,511.6626452,435.3577726,690.273804,504.3363871,512.7523214,254.9528798,429.1130094,473.5681187,706.0056367,603.8413965,489.6584624,434.0703461,693.5425005,444.8728172,772.250645,519.7390529,667.0107765,353.984857,593.9348537,660.2580132,546.4871684,512.8702383,534.9586416,579.0499734,446.2045519,574.3146412,563.179784,330.6700266,541.2575172,718.7566444,564.1142712,558.133002,662.4329867,578.6696961,604.5094268,709.3674086,536.9358721,790.0532685,624.3000927,712.4128021,540.8816384,616.5119776,695.1569114,786.1080208,381.6778703,450.0732827,529.271057,626.1918298,592.7958544,363.5083736,158.5030334,437.6793347,392.1584624,244.1440754,287.7321405,315.1344787,0,408.2992296,326.094997,144.9787722,437.0805346,452.2717621,538.24775,198.3574576,457.8554106
Lyon County,949.4080189,1167.732711,745.1366961,948.8555678,1076.844723,1100.195847,747.9694503,871.2001893,605.423451,883.1829743,1017.674342,977.6547268,332.4203648,764.8649188,841.9197868,281.8630821,68.50309842,141.7707535,218.8003501,150.7896286,262.8979251,269.2834817,508.4031127,118.6286815,254.6197942,283.1043888,280.3936149,749.2818029,315.6947268,410.8010145,332.4886233,306.5474223,225.0053237,543.0547449,207.2401689,326.9332128,173.1235387,368.4860764,243.0974603,313.5820953,126.1816414,361.2107424,277.2096801,139.109608,607.9349717,131.8020999,176.3967549,654.2054437,196.4585071,315.2644577,535.0268937,701.5775661,363.9448956,217.32644,419.2829819,329.882063,504.3323546,296.1034164,310.3279585,129.5938019,401.7010837,252.499632,327.9069256,226.2150391,216.5090294,287.6019519,380.1261325,312.765327,129.7655992,518.5859441,237.3133128,187.1706139,98.68093371,482.8739233,37.89275349,403.1450109,194.1861551,272.5325919,208.8094091,408.2992296,0,88.01367808,265.6794865,171.4077594,54.18348669,194.4320076,372.7234363,49.64503092
Mineral County,865.746481,1079.728676,659.7969609,861.1043383,988.9944562,1012.844151,661.7437599,783.5471294,517.6333969,798.4922629,930.4100527,889.7063885,357.1884995,676.9019101,757.0447515,320.8909135,120.7213683,194.9370244,303.1562197,190.6829856,338.9643844,315.881699,596.4035083,186.3318555,223.6171979,364.6380723,322.4336639,668.4533223,234.9591464,353.5869609,298.6266278,380.6702185,309.8732104,480.5884717,186.5955604,381.3859934,168.0891741,446.2328481,250.2061593,394.1683827,77.9125372,360.1115003,340.1435884,221.4966762,541.3393078,208.89138,264.3967145,574.6742298,254.6224904,316.6073654,453.0539209,628.4330948,413.1701716,257.7103801,392.1729986,367.7095331,465.6624392,321.4886859,398.3416303,216.709139,489.1971503,308.2961897,392.30256,250.129702,290.7761366,373.8234069,467.0917847,256.4265266,145.963068,466.7591243,303.4821561,266.8775235,114.2947443,394.8638339,112.1424381,391.9403072,106.8972706,245.9230045,193.8547109,326.094997,88.01367808,0,181.5712747,213.8277513,140.2979582,268.6544969,320.0254743,135.2775452
Nye County,684.2967049,913.4959599,479.4935805,688.5871822,817.2870754,837.361744,519.253996,625.9467527,347.2703398,617.5535835,775.9525172,726.2486635,500.7781283,508.3423058,621.7543129,480.3465271,300.3945351,370.3304131,483.9217942,359.8868832,520.0130613,481.6048621,769.5971285,366.7159039,312.5942203,546.1688908,408.4794083,556.6638461,177.0879605,354.7175444,364.8240776,561.0341784,471.6039793,449.339963,301.8825941,550.7928134,306.7464962,627.4332321,385.3521331,543.1217968,211.9480625,471.4300884,515.8430526,402.7306915,491.6110267,390.4290026,439.4194057,472.8194052,429.8405743,436.0669087,346.5576957,550.302339,577.6562133,422.0009338,456.9387204,523.7597995,498.3792245,468.2580026,571.7085204,395.1144761,656.73176,480.5583891,568.0564093,401.8910003,471.6014925,553.2664139,645.3743695,282.326209,307.2517859,467.3908462,481.3718742,448.4486103,234.6215255,233.1598189,293.5511466,365.6105915,105.0677443,224.2976831,221.0238173,144.9787722,265.6794865,181.5712747,0,322.3286575,312.3499553,412.9834397,210.6447262,314.9001884
Pershing County,962.5786005,1229.713043,773.9078985,999.5009287,1128.295536,1141.826182,840.744723,947.3933677,664.6309726,904.104884,1097.776809,1045.095153,492.4734101,825.1757244,941.878621,433.4447821,234.6131299,293.9319688,284.9962077,311.7300952,355.7823928,414.3484325,491.2110738,258.7375892,423.1096592,352.429617,110.2409895,866.3905695,439.9561806,567.0114651,500.8640828,399.674111,190.1113903,694.3390769,377.4280037,458.1068222,344.500378,443.4511383,412.6957767,232.3016778,283.4889874,531.2339991,398.9123839,238.2292178,754.2002903,250.131784,210.9887053,775.9598424,335.0559773,485.1716216,650.933291,837.3261868,500.0454997,372.0298821,589.7287914,480.1099158,671.8801372,456.9642764,308.8591983,203.8903021,368.7593717,387.8581281,442.1526036,390.5770505,322.002941,326.115627,398.1891963,469.3390636,300.3985382,679.1722515,357.6788853,282.2360443,101.0510856,555.3057582,199.1298541,268.9857947,303.3517321,188.6155114,130.3628077,437.0805346,171.4077594,213.8277513,322.3286575,0,146.4028727,110.7378885,319.9991968,183.1106031
Storey County,993.4483011,1219.238111,791.3108936,998.7677463,1127.038386,1149.116145,801.6061911,923.781852,655.6109201,928.4371911,1070.703599,1029.538259,346.0755892,815.6355076,895.9268169,287.7264675,93.82926131,147.5598181,179.8821468,165.9128556,235.1949501,269.9929398,458.0018034,113.3816858,297.9293998,247.4440751,248.8827575,803.4116682,369.8743447,460.3669988,375.1437515,279.9884547,170.8378087,593.602461,248.5819059,319.0606801,210.4795588,336.4739592,270.4812845,259.9501736,178.439115,388.8305279,263.3590503,108.3083112,659.4757413,111.3275446,127.090767,708.2444891,191.6656858,342.8394525,589.2098786,754.5794283,359.3423989,225.7205414,457.9942471,334.836381,546.918238,310.622254,259.819394,86.93883782,348.9862231,246.3399933,311.0284562,245.0713147,192.9388149,243.669414,333.8363216,362.8068837,162.1158122,565.9005796,221.9567711,157.5628589,108.7301719,534.1756709,59.7397805,401.3552974,247.1330211,284.5979119,218.1660196,452.2717621,54.18348669,140.2979582,312.3499553,146.4028727,0,144.5423612,397.1178825,37.06676524
Washoe County,1069.797075,1326.096588,877.7104729,1098.736826,1227.63327,1243.777563,924.0751353,1038.058262,759.8014484,1009.88781,1187.35645,1139.231621,460.8756846,920.8952449,1022.142244,394.2024664,235.1579176,268.4825599,203.0725931,293.8745226,279.4932507,369.7204346,380.5336861,229.1111524,441.7789138,264.5763951,148.8800454,936.9538908,503.6110052,604.5821797,518.5110002,320.0085508,81.55455284,737.3508309,391.9454412,398.9057669,352.4815641,352.6629656,404.0725736,130.1408462,320.5932126,519.9765212,336.6639972,185.5625476,802.3496117,206.7524123,128.4363212,843.3283019,291.8372818,474.822467,721.3446484,894.8136135,442.6809959,340.6315819,598.7107654,436.8961307,689.8702695,428.1627165,200.6167989,147.9588003,258.4069944,336.7437767,372.0432611,371.1254268,256.8650349,227.7769545,291.2018908,506.7830296,302.7428327,710.426898,298.1531343,216.8357871,178.3800921,645.0215745,203.4136604,364.8881728,372.1473363,299.2873907,240.3031617,538.24775,194.4320076,268.6544969,412.9834397,110.7378885,144.5423612,0,430.684181,175.9438054
White Pine County,655.1381921,961.1436059,484.7513404,724.3088006,850.1843654,853.4212241,637.4211707,708.6114614,423.7869973,603.2958213,857.8571065,789.1172187,675.7844268,570.8115078,744.1282254,640.710434,432.2265742,509.2175489,575.1550612,509.2886256,631.7338229,634.2311853,811.2058407,491.104201,510.1997487,643.6425902,351.5071645,710.305954,385.9612071,565.0460951,570.0612937,676.3004649,508.4858821,653.0842346,489.069563,696.9933798,482.1007953,733.4478502,564.8257014,547.9324207,383.3329507,664.7981156,649.7429612,504.8315075,688.1986827,502.8775882,510.6657576,640.1097801,567.1902123,625.0960913,519.6922686,730.6307925,731.199689,577.02741,663.959883,687.7025299,708.9574949,640.5564293,625.502674,482.5799467,688.6594983,622.7346285,700.626291,569.6318139,587.4125792,631.3312472,712.2763573,491.7712847,465.9057771,676.7028789,610.0353974,554.2344435,288.9760883,356.4046338,409.8854678,195.356452,299.2797875,132.8207653,191.4101353,198.3574576,372.7234363,320.0254743,210.6447262,319.9991968,397.1178825,430.684181,0,418.1263491
Carson City,998.8748283,1213.567569,794.2176892,996.1832671,1123.930241,1148.113868,790.0163595,915.6508718,652.7031917,932.4537038,1061.206998,1023.089117,309.4500106,811.5780958,882.1834895,252.2495364,59.23980331,111.3327041,169.2234379,128.8723311,214.6953084,235.7191557,462.4512842,79.35148828,266.1074726,233.5434124,285.8963684,785.6412632,354.0001328,432.72867,342.5976501,258.8049822,189.8978069,566.828555,216.0783885,287.8897004,176.6151814,319.5104864,233.8426151,283.4895523,157.1025049,352.051605,234.6113626,89.65307038,634.0085655,84.76143773,131.259088,689.6738765,158.6433842,306.102486,572.988215,731.8689148,327.0532813,189.5513759,423.5160786,299.6846761,513.9350705,273.8626338,265.0316335,81.58252426,359.1332325,214.1950881,284.0096258,208.0101091,169.3452302,238.6960159,331.8142401,336.0858457,127.2411446,535.9006498,193.7336757,138.1928605,134.5218877,529.298594,30.04773232,434.0554264,239.2617095,311.6624351,246.0234265,457.8554106,49.64503092,135.2775452,314.9001884,183.1106031,37.06676524,175.9438054,418.1263491,0
