zipcode,county,state,p-value,Conclusion
4001,Apache County,AZ,0.03360566129286385,Heteroscedasticity Present
4003,Cochise County,AZ,0.770164851860668,No Heteroscedasticity
4005,Coconino County,AZ,0.0004949403747759258,Heteroscedasticity Present
4007,Gila County,AZ,0.26521188266252166,No Heteroscedasticity
4009,Graham County,AZ,0.6659679368936047,No Heteroscedasticity
4011,Greenlee County,AZ,0.21738798542186744,No Heteroscedasticity
4012,La Paz County,AZ,9.089899630362717e-12,Heteroscedasticity Present
4013,Maricopa County,AZ,0.0004712470442893493,Heteroscedasticity Present
4015,Mohave County,AZ,0.013390747444833581,Heteroscedasticity Present
4017,Navajo County,AZ,0.1262088825525019,No Heteroscedasticity
4019,Pima County,AZ,8.862603043611684e-05,Heteroscedasticity Present
4021,Pinal County,AZ,0.004411055891632967,Heteroscedasticity Present
4023,Santa Cruz County,AZ,1.7670620555620123e-05,Heteroscedasticity Present
4025,Yavapai County,AZ,0.007741621297663925,Heteroscedasticity Present
4027,Yuma County,AZ,0.0013606977361028812,Heteroscedasticity Present
6001,Alameda County,CA,1.689761899926195e-08,Heteroscedasticity Present
6003,Alpine County,CA,0.42160743074825646,No Heteroscedasticity
6005,Amador County,CA,5.5011075767671265e-06,Heteroscedasticity Present
6007,Butte County,CA,3.7147847348816e-05,Heteroscedasticity Present
6009,Calaveras County,CA,0.005799218767458434,Heteroscedasticity Present
6011,Colusa County,CA,0.10309902155018616,No Heteroscedasticity
6013,Contra Costa County,CA,2.3034503534652463e-07,Heteroscedasticity Present
6015,Del Norte County,CA,0.07441290305963276,No Heteroscedasticity
6017,El Dorado County,CA,8.915066861540825e-05,Heteroscedasticity Present
6019,Fresno County,CA,0.0003151327152692812,Heteroscedasticity Present
6021,Glenn County,CA,0.07285158893048192,No Heteroscedasticity
6023,Humboldt County,CA,4.958073572960186e-06,Heteroscedasticity Present
6025,Imperial County,CA,0.7153197081826692,No Heteroscedasticity
6027,Inyo County,CA,0.004453957346139386,Heteroscedasticity Present
6029,Kern County,CA,0.7624736051024337,No Heteroscedasticity
6031,Kings County,CA,0.023409569269883808,Heteroscedasticity Present
6033,Lake County,CA,0.0002006066767425083,Heteroscedasticity Present
6035,Lassen County,CA,0.002660448480774558,Heteroscedasticity Present
6037,Los Angeles County,CA,7.428940477602817e-08,Heteroscedasticity Present
6039,Madera County,CA,0.0011677159072062439,Heteroscedasticity Present
6041,Marin County,CA,1.0862433936489159e-05,Heteroscedasticity Present
6043,Mariposa County,CA,0.00026282309230924,Heteroscedasticity Present
6045,Mendocino County,CA,0.0009560170948058567,Heteroscedasticity Present
6047,Merced County,CA,0.04716720958309646,Heteroscedasticity Present
6049,Modoc County,CA,0.1749542149201509,No Heteroscedasticity
6051,Mono County,CA,0.05129485905118937,No Heteroscedasticity
6053,Monterey County,CA,0.0005799259355131551,Heteroscedasticity Present
6055,Napa County,CA,1.526392791993794e-05,Heteroscedasticity Present
6057,Nevada County,CA,6.297750922722067e-05,Heteroscedasticity Present
6059,Orange County,CA,7.907753871646281e-07,Heteroscedasticity Present
6061,Placer County,CA,0.00014737173803222275,Heteroscedasticity Present
6063,Plumas County,CA,0.015405997795140663,Heteroscedasticity Present
6065,Riverside County,CA,2.3546874570529432e-05,Heteroscedasticity Present
6067,Sacramento County,CA,4.4744625458546437e-07,Heteroscedasticity Present
6069,San Benito County,CA,0.1917485561585798,No Heteroscedasticity
6071,San Bernardino County,CA,8.800656818216158e-07,Heteroscedasticity Present
6073,San Diego County,CA,8.94590602642388e-07,Heteroscedasticity Present
6075,San Francisco County,CA,3.186975568760655e-05,Heteroscedasticity Present
6077,San Joaquin County,CA,8.02442199500198e-06,Heteroscedasticity Present
6079,San Luis Obispo County,CA,2.5741049132194237e-05,Heteroscedasticity Present
6081,San Mateo County,CA,1.9137629027837097e-06,Heteroscedasticity Present
6083,Santa Barbara County,CA,0.00030070497981296806,Heteroscedasticity Present
6085,Santa Clara County,CA,0.0035807881274690897,Heteroscedasticity Present
6087,Santa Cruz County,CA,3.062689786012935e-05,Heteroscedasticity Present
6089,Shasta County,CA,0.0005756019959183717,Heteroscedasticity Present
6091,Sierra County,CA,0.9340888324132028,No Heteroscedasticity
6093,Siskiyou County,CA,0.08042846535013871,No Heteroscedasticity
6095,Solano County,CA,1.8238229384313263e-07,Heteroscedasticity Present
6097,Sonoma County,CA,8.941194206335427e-06,Heteroscedasticity Present
6099,Stanislaus County,CA,0.0008227569040581718,Heteroscedasticity Present
6101,Sutter County,CA,0.226917668104863,No Heteroscedasticity
6103,Tehama County,CA,0.021412510449903915,Heteroscedasticity Present
6105,Trinity County,CA,0.2885454455462001,No Heteroscedasticity
6107,Tulare County,CA,0.025258192088622823,Heteroscedasticity Present
6109,Tuolumne County,CA,6.230260255547714e-05,Heteroscedasticity Present
6111,Ventura County,CA,7.422508423295273e-06,Heteroscedasticity Present
6113,Yolo County,CA,1.7831322089014634e-06,Heteroscedasticity Present
6115,Yuba County,CA,0.10368749696591527,No Heteroscedasticity
32001,Churchill County,NV,0.007230579502745228,Heteroscedasticity Present
32003,Clark County,NV,5.91177852089774e-05,Heteroscedasticity Present
32005,Douglas County,NV,0.0004258359436221681,Heteroscedasticity Present
32007,Elko County,NV,0.005152344411728831,Heteroscedasticity Present
32009,Esmeralda County,NV,1.0392669484539789e-09,Heteroscedasticity Present
32011,Eureka County,NV,6.835463517237002e-08,Heteroscedasticity Present
32013,Humboldt County,NV,0.011735019167251285,Heteroscedasticity Present
32015,Lander County,NV,3.513043673973653e-07,Heteroscedasticity Present
32017,Lincoln County,NV,0.00010782000001936349,Heteroscedasticity Present
32019,Lyon County,NV,0.001458393986763835,Heteroscedasticity Present
32021,Mineral County,NV,0.5836824606886287,No Heteroscedasticity
32023,Nye County,NV,0.0006576625389389637,Heteroscedasticity Present
32027,Pershing County,NV,0.21243145701959612,No Heteroscedasticity
32029,Storey County,NV,0.0006472566428397905,Heteroscedasticity Present
32031,Washoe County,NV,0.00019687665029019,Heteroscedasticity Present
32033,White Pine County,NV,9.104035401235142e-13,Heteroscedasticity Present
32510,Carson City,NV,0.006171716021111727,Heteroscedasticity Present
