County,AR_RMSE,SARIMA_RMSE,GAT_RMSE,Ensemble_RMSE,Ensemble_MAE,AR_Ens,SAR_Ens,GAT_Ens,GCN_RMSE,GCN_MAE,AR_GCN,SAR_GCN,GAT_GCN
Apache County,1.323030209,1.212490337,1.35228,0.877102878,0.652972466,33.70499993,27.66104184,35.13895955,0.647332433,0.546771944,51.07198393,46.6113326,52.130296
Cochise County,0.86876767,0.699767065,1.9988115,1.135968161,1.011079103,-30.75626557,-62.33518521,43.16781941,0.652876288,0.496780962,24.85030109,6.70091222,67.33677547
Coconino County,1.039216979,0.510928902,2.2728806,1.196191879,1.066160967,-15.10511311,-134.1210045,47.37110789,1.159719109,0.931993186,-11.59547352,-126.9824831,48.97580152
Gila County,1.201287903,0.915162553,2.182621,1.39352338,1.267463631,-16.00244839,-52.27058566,36.15367121,1.205360862,1.139285445,-0.339049338,-31.71002875,44.77461448
Graham County,1.523530422,0.735548642,2.8777187,1.670427847,1.595203403,-9.641909551,-127.099576,41.95305304,0.777203341,0.698108017,48.98668711,-5.663078789,72.99237965
Greenlee County,1.36555804,0.414214448,3.4241257,1.658796462,1.602974671,-21.47388929,-300.4680357,51.55562012,1.251536236,0.944405317,8.349832136,-202.1469294,63.44946577
La Paz County,0.893098367,0.73740088,1.8471271,1.094835751,0.986178083,-22.58848431,-48.47225986,40.72764395,0.996819325,0.891188145,-11.61360968,-35.18011063,46.03406959
Maricopa County,1.01564155,0.480551658,2.9257693,1.41941996,1.366274705,-39.75599558,-195.3730231,51.48558159,0.891069268,0.662625253,12.26537867,-85.42632267,69.54410356
Mohave County,0.931489125,0.629533827,1.839015,1.08777661,0.974439672,-16.77824048,-72.7908119,40.85004145,0.747056948,0.683377504,19.79971334,-18.66827745,59.37733251
Navajo County,0.814454093,0.85887119,0.98565775,0.872731196,0.618365566,-7.155357667,-1.613746723,11.45697419,0.569759597,0.475625664,30.0439887,33.66181053,42.19498631
Pima County,1.027424383,0.519598314,2.6033087,1.318955687,1.243093407,-28.37496451,-153.8414101,49.33540972,1.067111387,0.844950676,-3.862766369,-105.3723728,59.00941803
Pinal County,1.203731347,0.671909055,2.2084196,1.311904955,1.224995971,-8.986524092,-95.25037577,40.59530377,0.791343037,0.632402658,34.25916512,-17.77531964,64.1669981
Santa Cruz County,1.55480494,0.961130527,1.1052889,1.026352887,0.811156037,33.98831839,-6.786004333,7.141663441,0.837859004,0.699689567,46.11163223,12.82567969,24.19547467
Yavapai County,0.955850939,0.600259844,2.7960088,1.394561628,1.334390845,-45.89739572,-132.3263237,50.12313167,0.798367094,0.668889284,16.47577442,-33.0035821,71.44618806
Yuma County,1.378837215,1.511980951,5.3221135,1.94424806,1.556025115,-41.00635223,-28.58945468,63.46849687,1.231219883,0.83872509,10.70592892,18.56908765,76.86595968
Alameda County,0.260049703,0.146184402,1.2398319,0.48033129,0.448255427,-84.70749417,-228.57903,61.25835365,0.970269734,0.848012745,-273.1093413,-563.7300017,21.74183178
Alpine County,0.890288914,0.953330652,0.84472126,0.848184697,0.745184455,4.729275721,11.02932701,-0.410009411,0.653820787,0.550382912,26.56083023,31.41720707,22.59922676
Amador County,0.458682234,0.188135818,0.58777094,0.305963965,0.285022824,33.29500431,-62.62930084,47.94503371,0.852538678,0.783817291,-85.86694988,-353.1506478,-45.04607492
Butte County,0.842082435,0.141943973,0.69350344,0.518738689,0.437977074,38.39811078,-265.4531281,25.20027171,0.420516901,0.330639631,50.06226427,-196.2555522,39.36340084
Calaveras County,0.560044656,0.239731133,1.0492085,0.323398917,0.258955669,42.25479816,-34.90067526,69.17686839,0.428074653,0.379877359,23.5641928,-78.56448102,59.20023013
Colusa County,1.707290989,1.318403564,11.673535,4.762471408,4.440853613,-178.9490157,-261.2301678,59.20283438,0.944633555,0.870138645,44.67061787,28.35019708,91.90790489
Contra Costa County,0.268943409,0.103550954,1.2290481,0.454766598,0.413051569,-69.09378792,-339.1718098,62.99847025,1.479846512,1.026832461,-450.2445727,-1329.099834,-20.40590694
Del Norte County,0.86344283,0.379720673,0.69656587,0.623033691,0.529761164,27.84308712,-64.07684259,10.55638562,0.73937298,0.646461904,14.36920263,-94.71496622,-6.145450419
El Dorado County,0.413808416,0.138987564,1.3646932,0.4317715,0.34979255,-4.340918077,-210.6547725,68.36127711,0.74980149,0.589552164,-81.19532162,-439.473798,45.05713883
Fresno County,1.23318846,0.229996805,2.852258,1.360692823,1.302043359,-10.33940614,-491.6137943,52.29418857,0.525780289,0.441153914,57.36415757,-128.6033011,81.56617358
Glenn County,1.131795913,0.586774166,1.6831098,1.110483833,0.974413706,1.883032043,-89.25233883,34.021902,1.271594065,1.015436649,-12.35188696,-116.709279,24.44972605
Humboldt County,0.661777613,0.239295473,0.75866485,0.330791543,0.297443895,50.01469738,-38.2356041,56.39819841,0.849056266,0.70404911,-28.29933332,-254.8150138,-11.91453849
Imperial County,0.7290491,0.387025702,11.580911,4.016442602,4.007440634,-450.9152402,-937.771544,65.31842269,1.512322988,1.270294547,-107.4377415,-290.7551824,86.94124333
Inyo County,0.516512987,0.292567004,1.6739776,0.437149161,0.345500528,15.36531086,-49.418477,73.88560269,0.811825289,0.675047219,-57.17422585,-177.4835431,51.50321673
Kern County,1.338563504,0.286318859,3.604215,1.577007225,1.495586001,-17.81340372,-450.7870605,56.24547302,0.716982493,0.634630144,46.43642304,-150.4139948,80.10711091
Kings County,1.269843926,0.363798108,3.7155194,1.643206054,1.555137697,-29.40220606,-351.6807581,55.77452632,1.167206838,0.939414501,8.082653785,-220.8391721,68.58563468
Lake County,0.843168812,0.174840768,0.9509082,0.583255965,0.492938143,30.82571873,-233.5926582,38.66327313,0.586320675,0.514991939,30.46224349,-235.3455159,38.34098018
Lassen County,1.046098655,0.650880251,1.2795147,0.930259374,0.806918293,11.07345667,-42.92327541,27.29592136,0.783653111,0.638001502,25.08802996,-20.3989689,38.75387981
Los Angeles County,0.675829712,0.323957826,0.9066177,0.563824253,0.52028445,16.57302973,-74.04248565,37.81014277,0.888760573,0.796657383,-31.50658472,-174.3445293,1.969642467
Madera County,1.153110358,0.279527013,2.6137798,1.25624575,1.16896487,-8.944104202,-349.4183715,51.93758289,1.464628809,1.338522434,-27.01549326,-423.9668229,43.96510337
Marin County,0.220632595,0.179673739,2.1375291,0.740079614,0.722820701,-235.4353031,-311.9019381,65.37686367,1.295756766,1.082857966,-487.291631,-621.1720382,39.38062571
Mariposa County,0.529859893,0.66415571,0.8580134,0.388139252,0.357092274,26.74681431,41.55899807,54.76303149,1.423823688,0.862178147,-168.7170149,-114.3810053,-65.94422507
Mendocino County,0.682029721,0.164744903,0.682489,0.378236056,0.323316835,44.54258454,-129.588928,44.57990444,0.935153536,0.705973923,-37.11331152,-467.6373102,-37.02104152
Merced County,1.333943149,0.365214502,4.864703,2.001146658,1.876174198,-50.01738708,-447.9373476,58.86395002,1.499517761,1.39659369,-12.41241891,-310.5854922,69.17555377
Modoc County,1.317030987,0.74182991,3.1090558,1.694282166,1.3973813,-28.64406248,-128.3922694,45.50492898,1.095100496,1.022925377,16.85081776,-47.6215074,64.77707169
Mono County,0.549371844,0.342944019,1.8313962,0.683059508,0.670821252,-24.33464071,-99.17522127,62.70279974,0.979978492,0.834972382,-78.38163763,-185.7546532,46.49008816
Monterey County,0.951974422,0.397463609,3.9399157,1.649001532,1.458682665,-73.21910066,-314.8811346,58.14627374,0.859012631,0.737109661,9.765156338,-116.1235927,78.19718246
Napa County,0.555390724,0.362230327,1.7562164,0.443342102,0.341963884,20.17473767,-22.39232044,74.75583862,0.747974362,0.668240547,-34.67534297,-106.4913693,57.40989764
Nevada County,0.392501141,0.175407675,1.4843181,0.401396848,0.351569274,-2.266415562,-128.8365359,72.95749154,1.278136774,0.836374581,-225.6389958,-628.6663906,13.89064283
Orange County,0.249104607,0.095869387,1.9720895,0.699520248,0.686613168,-180.8138542,-629.6596679,64.52898065,1.00166629,0.918608844,-302.1066901,-944.8239229,49.2078686
Placer County,0.286970056,0.115222681,1.7033376,0.545842178,0.513042579,-90.2087574,-373.7280667,67.95455124,0.783009075,0.701965094,-172.8539296,-579.5615827,54.03089355
Plumas County,1.023341032,0.536795985,4.4724126,1.960759098,1.699752519,-91.60368207,-265.2708201,56.15880571,0.878653528,0.71898514,14.13873766,-63.68481745,80.35392512
Riverside County,0.358903547,0.11660937,0.68688416,0.3640984,0.334647928,-1.447423173,-212.237688,46.99275061,1.326538754,1.239343286,-269.6087056,-1037.591906,-93.12408577
Sacramento County,0.280525893,0.121964926,1.0253514,0.369000327,0.317602418,-31.53877632,-202.5462641,64.01230573,0.836944081,0.619604826,-198.3482459,-586.2170203,18.3749024
San Benito County,1.109864769,0.476293105,1.3985418,0.976656318,0.871808283,12.00222355,-105.0536334,30.16609744,1.200486448,0.915201366,-8.165109993,-152.0478326,14.16156112
San Bernardino County,0.347055712,0.128013879,0.82429904,0.388460284,0.342500736,-11.93023778,-203.4516945,52.8738643,1.022962096,0.944304883,-194.7544329,-699.1024909,-24.10084765
San Diego County,0.270322796,0.133772663,1.482003,0.495952355,0.461987916,-83.46671567,-270.7426783,66.53499653,1.049324075,0.852608919,-288.1744678,-684.4084517,29.1955499
San Francisco County,0.304243274,0.281798338,2.1853628,0.884758076,0.873403599,-190.8061251,-213.9685213,59.51436183,0.68224592,0.56562984,-124.2435507,-142.1043095,68.78111404
San Joaquin County,0.664839734,0.359577959,1.2447313,0.547351552,0.451012792,17.67165472,-52.22055111,56.02652945,1.145821219,0.933245957,-72.34547818,-218.6572453,7.946299839
San Luis Obispo County,0.294000085,0.12007233,2.0219939,0.674583666,0.634662881,-129.45016,-461.8144229,66.63770025,1.085046581,0.693409503,-269.0633563,-803.6608027,46.33779157
San Mateo County,0.18383157,0.159345408,2.4179883,0.871567342,0.864333971,-374.1118955,-446.9673409,63.95485695,0.872121538,0.746876955,-374.4133655,-447.315137,63.93193722
Santa Barbara County,0.848452433,0.21752739,1.1851766,0.482979882,0.423066255,43.07519635,-122.0317551,59.24827728,0.474823091,0.413740844,44.03656908,-118.2819787,59.93651147
Santa Clara County,0.312228115,0.272038157,1.8438627,0.756876279,0.7361667,-142.4113149,-178.2243081,58.95159226,1.06513219,0.82913208,-241.1391029,-291.537791,42.23364947
Santa Cruz County,0.950219224,0.25045842,1.4325742,0.769439598,0.67600407,19.02504408,-207.2125099,46.28972113,0.680071383,0.636364996,28.43005431,-171.5306527,52.52801687
Shasta County,0.806547602,0.246336269,0.7249906,0.530673186,0.436107199,34.20435636,-115.4263311,26.80274942,0.762873982,0.659593523,5.414884419,-209.6880474,-5.225361759
Sierra County,1.195501312,0.812609637,1.4236997,1.060289065,0.908970404,11.3100877,-30.4795091,25.52579275,0.841345327,0.705573797,29.62405654,-3.536223186,40.90429833
Siskiyou County,1.133380169,0.314977537,2.176782,1.162777104,1.020359501,-2.593740064,-269.1619143,46.58274901,1.280828686,1.028535485,-13.00962562,-306.6412792,41.15953339
Solano County,0.393230902,0.242873747,0.73134875,0.241682273,0.230982548,38.53934874,0.490573392,66.95389537,0.832692524,0.623607814,-111.7566345,-242.8499515,-13.85710631
Sonoma County,0.327211032,0.106821811,1.8113282,0.545878672,0.5027207,-66.82771017,-411.0179925,69.86307218,0.86659939,0.729958832,-164.8441848,-711.256973,52.15668864
Stanislaus County,0.951595112,0.222061853,1.4799088,0.781083586,0.700541765,17.9184953,-251.7414519,47.22082968,1.359389733,0.971904457,-42.85379521,-512.1671571,8.14368206
Sutter County,1.347018914,0.407434398,3.5196626,1.681504412,1.53855958,-24.83153686,-312.7055597,52.22540898,0.69197895,0.625572503,48.62886163,-69.83812696,80.33962261
Tehama County,0.860429651,0.356573624,0.95096505,0.677763256,0.595626151,21.22967228,-90.0766659,28.72889956,0.820309703,0.588856041,4.662780787,-130.053388,13.73923757
Trinity County,0.787369444,0.325545546,1.2831585,0.683961449,0.602118981,13.1333513,-110.097007,46.69704101,1.186167723,0.958304465,-50.64944818,-264.3630629,7.558752677
Tulare County,1.463522605,0.425541899,5.5772023,2.35934327,2.3014383,-61.20989602,-454.43266,57.69665249,1.161741311,0.847314596,20.62020042,-173.0028026,79.16981942
Tuolumne County,0.541260226,0.213759324,0.5961128,0.309806808,0.263944151,42.76194834,-44.93253533,48.0288281,1.025166979,0.874992311,-89.40371566,-379.5893626,-71.9753341
Ventura County,0.298965837,0.164423249,1.1444975,0.469297001,0.415139717,-56.97345415,-185.4200999,58.99536684,0.873825784,0.665501893,-192.2828216,-431.4490434,23.64983025
Yolo County,0.883193222,0.241029581,0.6884817,0.441188004,0.358457544,50.04626476,-83.04309432,35.91870288,0.688802071,0.557231665,22.01003652,-185.7749113,-0.046533018
Yuba County,0.857680652,0.409960158,1.9842925,0.855536277,0.721844495,0.250020111,-108.687664,56.8845683,1.071297408,0.953058302,-24.90632798,-161.3174445,46.01111438
Churchill County,0.208588492,0.235245968,1.7831502,0.68844792,0.680846849,-230.0507683,-192.6502529,61.39147894,1.388980407,1.116881847,-565.8950329,-490.4374979,22.10524905
Clark County,0.525823445,0.166162526,0.63169545,0.363434116,0.350830568,30.88286194,-118.7220702,42.46687762,0.670559349,0.574080706,-27.52557069,-303.5563043,-6.152315811
Douglas County,0.209918109,0.325842695,1.2858716,0.546558984,0.539576361,-160.3677152,-67.73706847,57.49505754,1.041014423,0.712393999,-395.914539,-219.4837382,19.04211722
Elko County,0.166787346,0.254614644,2.1506789,0.69573781,0.686604436,-317.1406457,-173.2512944,67.65031684,0.948152705,0.813045681,-468.4800002,-272.3873419,55.91379518
Esmeralda County,0.678489804,1.932140491,1.3035482,0.913650576,0.800605941,-34.65944082,52.71303611,29.91048767,0.818748837,0.711803257,-20.67223882,57.62477726,37.19075086
Eureka County,0.713410048,0.872669076,1.864643,0.84522213,0.663046048,-18.47634231,3.145172296,54.67110164,0.598418703,0.493994117,16.11854854,31.42661754,67.90706301
Humboldt County,0.273331812,0.360643107,2.0314753,0.732194827,0.68410848,-167.8776469,-103.0247669,63.95748317,1.096640881,0.863441944,-301.2123114,-204.0792572,46.01751344
Lander County,0.159148588,0.319478953,2.2989867,0.854394583,0.845369448,-436.8533855,-167.4337622,62.8360363,0.458633467,0.396892458,-188.1794134,-43.55670787,80.05062547
Lincoln County,0.229115811,0.379067336,1.2477201,0.478733321,0.406938358,-108.9481811,-26.29242233,61.631353,1.474592075,1.27749157,-543.6011851,-289.0053125,-18.18292218
Lyon County,0.326309838,0.271561424,0.46873564,0.233951835,0.207928769,28.3037751,13.84938545,50.08874612,1.236827683,1.079559445,-279.0347514,-355.4504336,-163.8646558
Mineral County,0.934634376,1.895402494,0.67673117,0.833410457,0.739608786,10.83032268,56.02989552,-23.15236741,1.13470816,0.861678123,-21.40663657,40.1336569,-67.67487748
Nye County,0.345283194,0.220093677,0.7117722,0.204233617,0.175403436,40.85040322,7.206049662,71.30632284,0.716679285,0.608314216,-107.5627479,-225.6246591,-0.689417958
Pershing County,0.591259029,0.407294504,1.0472381,0.45906068,0.378225648,22.35878744,-12.70976536,56.16463154,0.932627445,0.781972885,-57.73584832,-128.9811024,10.94408758
Storey County,0.405306199,0.41626478,1.6953965,0.731795255,0.673480875,-80.55367932,-75.80042556,56.83633562,0.782392163,0.712436259,-93.03730483,-87.95540733,53.85196543
Washoe County,0.169523639,0.236286543,1.7813362,0.652205454,0.643296783,-284.7283227,-176.0231052,63.38672878,0.556681501,0.474411458,-228.3798674,-135.5959395,68.74921753
White Pine County,0.203011641,0.243565177,2.476978,0.733575735,0.712603654,-261.3466364,-201.182519,70.38424503,1.52186378,1.199124098,-649.6436029,-524.8281461,38.55965697
Carson City,0.177693585,0.354395661,1.3681993,0.57385356,0.547191024,-222.9455688,-61.9245446,58.05775082,1.24023053,1.101010919,-597.9602163,-249.9564658,9.353079609
