County,Ensemble_RMSE,Ensemble_MAE,AR_Weight,SARIMA_Weight,GAT_Weight,AR_Order,SARIMA_Order,SARIMA_Seasonal_Order,AR_RMSE,SARIMA_RMSE,GAT_RMSE
Apache County,1.1942122371594808,0.9217801513704295,0.8205704856713208,0.0,0.17942951432867918,12,"(0, 1, 0)","(0, 0, 1, 12)",1.3230302086363999,,1.1831306
Cochise County,0.9963773926405811,0.8549375828103295,0.9333045543843417,0.0,0.06669544561565838,12,"(0, 0, 1)","(1, 0, 0, 12)",0.8687676696296005,,3.1554668
Coconino County,1.1946781209266986,1.049039589654982,0.9258091230706422,0.0,0.07419087692935775,12,"(1, 0, 1)","(0, 0, 1, 12)",1.0392169786631678,,3.4334874
Gila County,1.3424727797098417,1.1945699501913882,0.9228096346014039,0.0,0.07719036539859613,12,"(0, 0, 0)","(1, 1, 1, 12)",1.2012879031178587,,3.3427083
Graham County,1.771757904852507,1.690653778264864,0.8922004903902168,0.0,0.10779950960978327,12,"(1, 0, 1)","(0, 0, 1, 12)",1.5235304221495127,,4.0260377
Greenlee County,1.2482878346074961,1.1209151721979147,0.943574668220785,0.0,0.05642533177921501,4,"(1, 0, 1)","(0, 0, 0, 12)",1.0782577791683055,,4.5865703
La Paz County,1.0775004756332625,0.9899573413417202,0.8840841235052437,0.0,0.11591587649475636,10,"(1, 0, 1)","(0, 0, 0, 12)",0.8594345285227831,,3.0244133
Maricopa County,1.1263673493551911,1.0250644447507136,0.9498930275882418,0.0,0.05010697241175821,4,"(0, 0, 1)","(1, 0, 0, 12)",0.9904573068515318,,4.0834174
Mohave County,0.9826732198078414,0.8104575699657518,0.9687377759129703,0.0,0.031262224087029694,12,"(1, 0, 0)","(1, 0, 0, 12)",0.9314891248692108,,3.0137157
Navajo County,0.9545094741871357,0.7420922113069829,0.8640421055410097,0.0,0.13595789445899034,12,"(1, 0, 0)","(0, 0, 1, 12)",0.8144540926303329,,2.085008
Pima County,1.191835874670764,1.0875910441245649,0.9315222080836781,0.0,0.0684777919163219,12,"(0, 0, 1)","(1, 0, 0, 12)",1.027424382600152,,3.7589488
Pinal County,1.3209419923272585,1.2209012449420527,0.9383166568459571,0.0,0.06168334315404285,12,"(1, 0, 1)","(0, 0, 0, 12)",1.2037313472697813,,3.3693018
Santa Cruz County,1.570199561416614,1.4185330722895209,0.7764830098949097,0.0,0.22351699010509024,10,"(1, 0, 1)","(0, 0, 1, 12)",1.6323172211610284,,1.5445645
Yavapai County,1.155716196842158,1.0721770164564985,0.9260444857528437,0.0,0.07395551424715625,12,"(1, 0, 0)","(0, 0, 0, 12)",0.9558509394640912,,3.9602394
Yuma County,1.540905244660221,1.3839620368593286,0.8424112619124334,0.0,0.15758873808756654,12,"(1, 0, 1)","(0, 0, 1, 12)",1.37883721478745,,4.2750487
Alameda County,0.3904745031784734,0.31931456516835394,0.9349367241302217,0.0,0.06506327586977834,14,"(1, 1, 1)","(0, 1, 0, 12)",0.2830245283569136,,2.4488614
Alpine County,0.5420997670278422,0.457826165836698,0.5147548590951648,0.0,0.4852451409048352,12,"(1, 0, 1)","(0, 0, 0, 12)",0.8902889141200492,,0.883487
Amador County,0.31503222328008335,0.29395760984559977,0.9414575686718645,0.0,0.05854243132813551,14,"(1, 1, 0)","(1, 0, 1, 12)",0.2946509574162344,,1.6952146
Butte County,0.3367571219269514,0.26903073870122407,0.9462749282688125,0.0,0.05372507173118747,14,"(1, 0, 1)","(0, 1, 1, 12)",0.3112347021472803,,1.4648283
Calaveras County,0.26724810633890494,0.19819693015201686,0.9427258128170964,0.0,0.05727418718290351,14,"(1, 0, 0)","(1, 1, 1, 12)",0.2349036561594283,,2.2614388
Colusa County,4.517173127708821,3.8523456121563373,0.6918662870808912,0.0,0.3081337129191088,6,"(1, 0, 0)","(0, 1, 1, 12)",2.5389315334921703,,10.766342
Contra Costa County,0.3506988000259326,0.29939948089554075,0.9348163892646333,0.0,0.06518361073536669,14,"(1, 1, 1)","(0, 1, 0, 12)",0.25854409370147696,,2.4414864
Del Norte County,0.31624440578290486,0.30293836754199477,0.8849944844892117,0.0,0.11500551551078828,14,"(0, 1, 1)","(1, 1, 1, 12)",0.29876134618180145,,1.0829118
El Dorado County,0.3328738206131939,0.29918463828653835,0.9362911778048592,0.0,0.06370882219514087,4,"(1, 1, 1)","(0, 1, 0, 12)",0.33764369082700296,,2.5683458
Fresno County,1.1177450910658813,0.9526052853772202,0.5991111072468772,0.0,0.40088889275312284,6,"(1, 0, 0)","(0, 1, 1, 12)",0.5844640949669292,,2.069559
Glenn County,0.6307940605584442,0.549065699168514,0.8406948561865206,0.0,0.15930514381347932,14,"(1, 0, 0)","(0, 1, 1, 12)",0.5073122446095953,,1.429008
Humboldt County,0.4696567956923252,0.4270484689025233,0.8718534782792344,0.0,0.1281465217207656,4,"(1, 1, 1)","(0, 1, 0, 12)",0.4572194373270882,,1.937628
Imperial County,0.26735656346447223,0.18181285729563404,0.9453316435015071,0.0,0.05466835649849287,14,"(1, 0, 0)","(1, 0, 0, 12)",0.7346356942408065,,10.495303
Inyo County,0.3969185783215056,0.3179464216334987,0.9428917143822519,0.0,0.05710828561774803,6,"(1, 1, 1)","(1, 1, 1, 12)",0.4568296876963535,,2.870433
Kern County,0.5981289038620802,0.5436409061289366,0.8472429984214883,0.0,0.15275700157851166,14,"(1, 1, 1)","(1, 1, 1, 12)",0.26733362563771673,,2.7849557
Kings County,0.6595000812255664,0.5600325628085306,0.8441155343919203,0.0,0.15588446560807964,14,"(1, 0, 0)","(1, 1, 1, 12)",0.3215472226728653,,2.9051073
Lake County,0.6314331322547121,0.5528712565154706,0.8540045573499594,0.0,0.1459954426500406,4,"(1, 0, 1)","(0, 1, 1, 12)",0.6635518118145499,,1.111988
Lassen County,0.9825084047344185,0.7968965001852183,0.8252594908775019,0.0,0.17474050912249794,6,"(1, 0, 1)","(1, 1, 1, 12)",1.1039735559131727,,1.6954944
Los Angeles County,0.7178399812082994,0.6371113692697222,0.872200967368555,0.0,0.12779903263144501,10,"(1, 1, 1)","(0, 1, 0, 12)",0.6171177106274588,,2.0561411
Madera County,0.6560070252153785,0.6204428070416027,0.7117840030608559,0.0,0.2882159969391442,14,"(1, 0, 1)","(1, 1, 1, 12)",0.27142608703883764,,1.8911896
Marin County,0.2817506190977699,0.23257698258075474,0.9496887315196902,0.0,0.0503112684803098,14,"(1, 1, 0)","(1, 0, 0, 12)",0.20068584141233997,,3.312761
Mariposa County,0.5067395604655455,0.4620104152052275,0.9167591052153686,0.0,0.08324089478463131,14,"(1, 1, 0)","(1, 0, 0, 12)",0.4751271597799909,,1.5936245
Mendocino County,0.551053427795127,0.4661663456267706,0.8956139160832775,0.0,0.10438608391672252,4,"(1, 0, 1)","(1, 1, 1, 12)",0.5870459803997748,,1.7990001
Merced County,0.9503467601273854,0.8748960267931066,0.8314541581205899,0.0,0.16854584187941013,14,"(1, 0, 0)","(0, 1, 1, 12)",0.3799002423780687,,4.027834
Modoc County,2.3162261738979972,1.8772515172666473,0.78173144381293,0.0,0.21826855618706995,4,"(1, 0, 1)","(1, 1, 1, 12)",2.3554067082000687,,2.62945
Mono County,0.6797905557647973,0.6374985969273202,0.940162527634059,0.0,0.059837472365940926,12,"(0, 1, 0)","(0, 0, 1, 12)",0.5493718438124148,,3.012651
Monterey County,1.761805498516428,1.6527697820412277,0.6896881761714875,0.0,0.3103118238285125,4,"(1, 0, 1)","(0, 1, 1, 12)",1.4039291845409372,,3.3665724
Napa County,0.38885347359939654,0.33898834175747444,0.9428541207437382,0.0,0.05714587925626178,4,"(0, 0, 0)","(1, 1, 1, 12)",0.4298368359379274,,2.9617472
Nevada County,0.23310283761576392,0.2023057652828079,0.9464146811812072,0.0,0.053585318818792756,14,"(1, 1, 1)","(0, 1, 0, 12)",0.2550549374395829,,2.6873024
Orange County,0.39225674853634485,0.3375527774028286,0.9431488266767978,0.0,0.05685117332320219,14,"(1, 1, 1)","(0, 1, 0, 12)",0.2592117419662591,,3.1600394
Placer County,0.2548062024809132,0.2230435395306789,0.9543071285468723,0.0,0.04569287145312771,14,"(1, 1, 0)","(0, 1, 0, 12)",0.2215508705279231,,2.900331
Plumas County,2.0581503651067474,1.745465973646802,0.6922172747076416,0.0,0.3077827252923585,4,"(0, 0, 0)","(1, 1, 1, 12)",1.5864884827684977,,3.8162417
Riverside County,0.5685942453007999,0.5141283142331975,0.8671632141696773,0.0,0.13283678583032263,10,"(0, 1, 0)","(0, 0, 1, 12)",0.391242316496472,,1.9154402
Sacramento County,0.3170963015204777,0.27112277217460284,0.941536011104239,0.0,0.058463988895761,14,"(1, 1, 1)","(0, 1, 0, 12)",0.2483998462797411,,2.2377114
San Benito County,0.533539016037843,0.4550309942920549,0.8433706902292997,0.0,0.15662930977070033,14,"(1, 1, 1)","(0, 1, 1, 12)",0.4811027597541279,,1.2562991
San Bernardino County,0.5109331318806678,0.4528973192045716,0.9044101196942944,0.0,0.09558988030570553,14,"(0, 1, 0)","(0, 0, 1, 12)",0.3766932832666127,,2.043989
San Diego County,0.3429663232190767,0.27550572498762776,0.9389054103331976,0.0,0.061094589666802375,14,"(1, 1, 1)","(0, 1, 0, 12)",0.26096402171485605,,2.68751
San Francisco County,0.4456164708905294,0.4040262302113184,0.9440587988890501,0.0,0.055941201110949856,10,"(0, 1, 0)","(1, 0, 0, 12)",0.3020712606667027,,3.3646197
San Joaquin County,0.3353518603659903,0.28195116165561496,0.865449210094721,0.0,0.134550789905279,14,"(1, 0, 1)","(1, 1, 1, 12)",0.29910821208142574,,1.0408429
San Luis Obispo County,0.32525769239962193,0.28086681430653515,0.9507905680866873,0.0,0.04920943191331268,14,"(1, 1, 1)","(0, 1, 0, 12)",0.2590400047666361,,3.2184763
San Mateo County,0.32825326861211795,0.28161294206940096,0.9451577597323737,0.0,0.0548422402676263,6,"(1, 1, 0)","(1, 0, 0, 12)",0.19489906691349435,,3.5907257
Santa Barbara County,0.5308737725148567,0.4715739307038375,0.9419479085245827,0.0,0.05805209147541739,14,"(0, 0, 1)","(1, 1, 1, 12)",0.5762862635704291,,2.3682017
Santa Clara County,0.41644917570487683,0.353244412676114,0.9377890747765224,0.0,0.06221092522347761,6,"(0, 1, 0)","(1, 0, 0, 12)",0.28627225560426617,,3.0382988
Santa Cruz County,0.3673127504487987,0.30978176260685064,0.8881392948013,0.0,0.11186070519869999,14,"(0, 1, 1)","(0, 1, 0, 12)",0.29649386996221094,,1.3742665
Shasta County,0.34489402703587985,0.2887414944519846,0.9322144970364981,0.0,0.06778550296350193,14,"(1, 0, 1)","(0, 1, 1, 12)",0.3256018663610743,,1.5515043
Sierra County,0.7330631446416175,0.6439757238583285,0.8052659989941462,0.0,0.1947340010058538,6,"(1, 0, 0)","(1, 1, 1, 12)",0.6013799071318406,,1.9709264
Siskiyou County,0.5998269145720567,0.5056096763958388,0.8318722364582942,0.0,0.1681277635417058,14,"(1, 0, 1)","(0, 1, 1, 12)",0.4052546996424108,,1.7569953
Solano County,0.27514756233184895,0.22566128860034432,0.958624379092645,0.0,0.04137562090735508,14,"(1, 1, 1)","(0, 1, 0, 12)",0.2891199745480165,,1.9416279
Sonoma County,0.2384486050684653,0.20921177014718584,0.9740942983553565,0.0,0.025905701644643453,14,"(1, 1, 1)","(0, 1, 0, 12)",0.2501828219563847,,3.0002239
Stanislaus County,0.39326620427466885,0.3195109583990942,0.8041212603837571,0.0,0.19587873961624297,14,"(1, 0, 1)","(1, 1, 1, 12)",0.25025558525330327,,1.1359136
Sutter County,1.728195347253454,1.5350455685840998,0.5407943237082847,0.0,0.45920567629171527,6,"(1, 0, 1)","(0, 1, 1, 12)",0.9924465328530958,,2.7801692
Tehama County,0.3235493680969752,0.26445236082293916,0.8663134638994894,0.0,0.13368653610051065,14,"(1, 1, 1)","(0, 1, 1, 12)",0.2680657067796159,,1.2628998
Trinity County,0.7811243474691852,0.6650572339784798,0.8154016864239255,0.0,0.18459831357607448,6,"(1, 0, 0)","(1, 1, 1, 12)",0.8077730016614441,,1.4631603
Tulare County,0.9976397443298598,0.8855760861460139,0.8738165265226564,0.0,0.12618347347734363,14,"(1, 0, 0)","(0, 1, 1, 12)",0.5463369367701594,,4.6203747
Tuolumne County,0.33258014312253753,0.3029566364624518,0.9026525530182654,0.0,0.09734744698173459,14,"(0, 1, 1)","(1, 0, 1, 12)",0.28089061542140403,,1.6746902
Ventura County,0.37889648417510824,0.2975592235755289,0.908080429936828,0.0,0.09191957006317199,10,"(1, 1, 1)","(0, 1, 0, 12)",0.28746160970678203,,2.3476143
Yolo County,0.3428632579347914,0.2942690771408931,0.9470701234999552,0.0,0.052929876500044756,14,"(1, 0, 1)","(1, 1, 1, 12)",0.348747206081004,,1.8039604
Yuba County,0.4561495423724781,0.3255890346515682,0.8056815432821425,0.0,0.19431845671785763,14,"(1, 0, 1)","(1, 1, 1, 12)",0.36366951781739043,,1.4963127
Churchill County,0.41526685240012207,0.4011187610901226,0.9226585240531742,0.0,0.07734147594682583,12,"(1, 1, 1)","(1, 0, 0, 12)",0.20858849198284338,,2.97815
Clark County,0.5827424883116915,0.5555739804724064,0.9367426092483312,0.0,0.0632573907516688,14,"(1, 0, 0)","(0, 1, 0, 12)",0.5144693283056839,,1.8765489
Douglas County,0.4435219771445363,0.43141794034483355,0.9049204096800268,0.0,0.09507959031997315,14,"(0, 1, 0)","(1, 0, 0, 12)",0.2391753430389425,,2.4938762
Elko County,0.3388825900329475,0.3123272010330033,0.9391193937795946,0.0,0.060880606220405406,12,"(0, 1, 0)","(1, 0, 0, 12)",0.16678734551042768,,3.3306425
Esmeralda County,0.7568536164577021,0.6246553470647451,0.8513632624358358,0.0,0.14863673756416423,4,"(1, 0, 0)","(0, 1, 1, 12)",0.6144325976207602,,2.3790398
Eureka County,0.5263037614414584,0.35751215081132476,0.8888885589862823,0.0,0.11111144101371771,4,"(0, 1, 1)","(1, 0, 1, 12)",0.4318559068306785,,3.0008316
Humboldt County,0.6429613127206792,0.6307118140090472,0.9105659854829815,0.0,0.08943401451701846,4,"(0, 1, 1)","(1, 0, 1, 12)",0.4079232180107404,,3.2051952
Lander County,0.2719199557080414,0.23908962496499417,0.9464047747660821,0.0,0.053595225233917874,10,"(1, 1, 1)","(1, 0, 0, 12)",0.13560862059726542,,3.4853454
Lincoln County,0.45201116666199476,0.39648123172833616,0.8696540115824631,0.0,0.1303459884175368,14,"(1, 1, 1)","(1, 0, 0, 12)",0.2647436854556915,,2.439389
Lyon County,0.2353652718448666,0.17235004864719303,0.8964104146705395,0.0,0.10358958532946047,14,"(1, 1, 1)","(1, 0, 1, 12)",0.11927019781274778,,1.3642185
Mineral County,0.8498968773299914,0.7066105839313845,0.6183082431015444,0.0,0.3816917568984557,12,"(0, 0, 1)","(1, 0, 0, 12)",0.9346343755520838,,0.94161737
Nye County,0.4259196259633821,0.32787726209503393,0.7560688466143876,0.0,0.24393115338561255,12,"(0, 1, 0)","(1, 0, 0, 12)",0.34528319438255806,,0.9021897
Pershing County,0.43861061567671106,0.3401508622038764,0.8862158808541019,0.0,0.11378411914589814,14,"(1, 1, 1)","(1, 1, 0, 12)",0.3454299738245073,,2.2265377
Storey County,0.6443265437563055,0.5621274544161957,0.9051210637699709,0.0,0.09487893623002903,14,"(1, 1, 0)","(1, 0, 1, 12)",0.4248502447233562,,2.9067578
Washoe County,0.34091715928756117,0.3045153529786928,0.9591612016311435,0.0,0.04083879836885641,4,"(0, 1, 1)","(1, 0, 1, 12)",0.24468326263735504,,2.975723
White Pine County,0.2404226423852946,0.18652193464183786,0.9366676669299482,0.0,0.06333233307005176,14,"(1, 0, 1)","(0, 1, 1, 12)",0.144012632532749,,3.6725237
Carson City,0.34038599441003664,0.29304739203136165,0.9422848449428889,0.0,0.057715155057111084,6,"(1, 1, 1)","(1, 0, 1, 12)",0.22395699427429186,,2.5782864
